id,domain,status,purchase_price,renewal_price,attractiveness,demand,length,registrar,created_at,expires_at
01eb129b-c652-49fa-b1ad-5fc5efd7894d,goodgame.us,resell,,,60,23,9,"GoDaddy.com, LLC",24/11/2004 01:07,23/11/2026 23:59
01fd23f3-a7e1-49ed-a848-108d0d2a77f1,gobankrupt.us,available,7.99,,68,2,11,name.com,,
025349b3-8d96-4ee3-8653-dd7afb3a890a,errors.us,resell,,,46,11,6,Dynadot Inc,07/12/2022 00:00,07/12/2026 00:00
030504cc-71ce-4830-893a-26e55218848e,barkeeper.us,resell,,,70,4,10,"Spaceship, Inc.",01/04/2026 08:34,01/04/2027 08:34
0327f0e4-73fb-479d-ad9f-42a9193b74a3,thanksgiving.us,resell,,,84,13,12,"GoDaddy.com, LLC",24/04/2002 14:05,23/04/2027 23:59
03aa8198-791d-4213-b200-5657de2871bf,sidewindow.us,available,7.99,,44,1,11,name.com,,
04059b43-c497-47a6-bacf-7ea87a99ffd2,sobeit.us,resell,,,52,5,8,Dynadot Inc,14/11/2025 00:11,14/11/2026 00:11
05006f01-6098-44e8-b85f-b509a609f70f,makeout.us,resell,,,76,4,8,Dynadot Inc,09/03/2021 00:01,09/03/2027 00:01
058cbc68-6469-405d-8cfe-fc71294013fb,thebird.us,resell,,,58,6,8,Dynadot Inc,13/12/2022 00:00,13/12/2026 00:00
05ac4297-b044-4339-850d-ee0e5578de6b,waitup.us,available,7.99,,63,2,7,name.com,,
05bc446a-ab68-41d0-a056-9aabdc6248fd,rollout.us,resell,,,72,13,8,Dynadot Inc,21/03/2020 07:47,21/03/2027 07:47
0633de4b-5b3e-4e75-8ad3-865e4ae98e3c,leaks.us,resell,,,46,15,5,"GoDaddy.com, LLC",08/06/2004 09:20,07/06/2026 23:59
0708bd02-2ea9-4e07-9b85-41818b36a137,headout.us,resell,,,82,6,8,"Spaceship, Inc.",01/04/2026 10:51,01/04/2027 10:51
070a3d66-fff6-4d05-b8ab-64d5e3c2f1f5,tabs.us,resell,,,46,19,4,"Global Domains International, Inc. DBA DomainCostClub.com",07/06/2004 00:07,06/06/2027 23:59
07767a8f-afd0-4c44-85ba-c26e6518d0f3,neighbourhood.us,resell,,,70,14,13,"Spaceship, Inc.",05/01/2022 00:00,05/01/2027 00:00
0a425114-0a41-42b3-b591-ecd7d0ac0234,chocolates.us,resell,,,70,11,10,Dynadot Inc,28/05/2007 18:02,27/05/2027 23:59
0a4c84d4-dd80-434f-b9d6-63ec11ff924b,takehuff.us,available,5.49,7.99,64,1,9,namesilo,,
0a6fe23e-41da-4885-a947-f25453cfe551,destinations.us,resell,,,72,14,12,Dynadot8 LLC,22/08/2020 00:04,22/08/2026 00:04
0ad7e476-5433-4ce3-81f3-7c6ef6489076,takeabreak.us,resell,,,86,8,12,Dynadot Inc,27/05/2023 00:00,27/05/2026 00:00
0b0e2eff-2e60-4056-83fd-58729005bf34,howtheheck.us,available,5.49,7.99,48,1,12,namesilo,,
0b0ff32f-4925-4b31-b0e2-dd384e2d35e4,gonowhere.us,available,7.99,,62,2,10,name.com,,
0cfa6ca4-7bbd-48c2-9fe5-b3ce8976671c,indanger.us,available,7.99,,60,1,9,name.com,,
0d05cca6-5fb1-4f2a-89fd-cbf70e1f3e1f,happier.us,resell,,,62,16,7,"Spaceship, Inc.",12/04/2006 02:22,11/04/2027 23:59
0d3f8a2f-f491-467c-881c-cc6b53f5eb85,behindschedule.us,available,7.99,,38,1,15,name.com,,
0d85a568-6bc1-43e0-8ab7-bf6bc262f0fd,toburn.us,available,7.99,,50,1,7,name.com,,
0da64158-c818-4349-81b9-8b43a9288bb0,sucked.us,resell,,,54,4,6,"GoDaddy.com, LLC",01/02/2011 01:33,31/01/2027 23:59
0deddfad-7e90-4a2b-a8ba-70eb91aafc6d,studs.us,resell,,,69,7,5,Dynadot Inc,31/10/2023 07:40,31/10/2026 07:40
0efc0a00-0a7f-4b33-8f06-ad48267b1634,reached.us,resell,,,62,7,7,"Spaceship, Inc.",01/04/2026 08:53,01/04/2027 08:53
0f84bc58-a6a8-488b-a343-cf6c472cc87a,hightech.us,resell,,,83,16,9,Dynadot Inc,19/08/2019 01:48,19/08/2026 01:48
1074fb5c-6f72-4839-b85e-46b32f0156a1,advertises.us,available,7.99,,56,3,10,name.com,,
10a33c40-ad13-4e18-9557-3837daaf4132,filingfees.us,available,5.49,7.99,46,1,11,namesilo,,
10c373e0-2960-4eed-a394-15985685b751,recycled.us,resell,,,79,10,8,Dynadot Inc,03/06/2005 17:10,02/06/2026 23:59
1217e999-0cec-4d96-9c8e-fb27c7bdfc4b,gonegative.us,available,7.99,,66,1,11,name.com,,
12a184e1-1e35-4b6e-92a0-f7fc88853395,cups.us,resell,,,60,12,4,GoDaddy Online Services Cayman Islands Ltd.,05/06/2004 14:19,04/06/2026 23:59
130ed9b5-1468-4157-9e2f-aa9c82ad5676,solarenergy.us,resell,,,88,16,12,"GoDaddy.com, LLC",29/05/2005 17:09,28/05/2027 23:59
13797fa4-420c-427d-b173-4bb604e62159,shakehands.us,available,7.99,,85,9,11,name.com,,
150170bc-7d54-4662-bb86-b04647696716,slipitto.us,available,7.99,,64,1,10,name.com,,
156ed112-cf07-4def-9ea4-e98f004d442a,gowild.us,resell,,,74,10,7,"Spaceship, Inc.",25/03/2021 00:01,25/03/2027 00:01
174fe5c5-96da-44ac-9477-32d97f6458d8,olives.us,resell,,,56,11,6,Dynadot Inc,24/04/2002 15:05,23/04/2027 23:59
179049fb-9744-4cd8-928d-f7ff2cc88966,poreover.us,available,7.99,,62,1,9,name.com,,
19859064-1b6b-4721-9578-b4fbc2af7e55,webmasters.us,resell,,,52,12,10,"GoDaddy.com, LLC",24/04/2002 14:03,23/04/2027 23:59
198ef74d-2f6c-48c8-97fc-6949d3d368ff,billofrights.us,resell,,,70,3,14,Dynadot Inc,19/06/2025 14:35,19/06/2026 14:35
19debd0e-154a-474c-92bd-8c3dfdb9fbaa,parkup.us,resell,,,59,4,7,"Spaceship, Inc.",01/04/2026 07:58,01/04/2027 07:58
1a27d838-0333-476b-96b5-abefac26d9e9,thedamn.us,available,7.99,,38,1,8,name.com,,
1ab33f65-91c2-451f-9b30-11d5bdb087fe,hookups.us,resell,,,74,9,8,"Spaceship, Inc.",01/04/2026 10:52,01/04/2027 10:52
1ae73e41-4078-48df-9c94-707363d641c5,dont.us,resell,,,42,18,4,"Spaceship, Inc.",15/12/2019 21:49,15/12/2026 21:49
1b13cc69-2124-4e7a-83b1-19cb09e123df,killed.us,available,7.99,,56,5,6,name.com,,
1b297dad-5598-4f5f-aa5b-ab0e0e68d0c2,breastmilk.us,available,7.99,,74,4,11,name.com,,
1b551172-4d51-4754-a51d-a6cb791bc5d0,doesnotcompute.us,available,7.99,,40,3,16,name.com,,
1b578e07-57ca-4a84-bbe9-01e7911380f2,datadomain.us,available,7.99,,52,4,11,name.com,,
1c1517be-c27a-4973-83d6-b32fcc59349d,ladies.us,resell,,,80,17,6,"GoDaddy.com, LLC",24/04/2002 14:02,23/04/2027 23:59
1df7a3d3-18ab-45fb-8d93-70ad7cb85516,savinggrace.us,available,7.99,,76,7,12,name.com,,
1e241ed9-78e0-47cc-97d8-a136b3743da2,keepunder.us,available,7.99,,66,1,10,name.com,,
1ea3d850-dabe-4338-90ae-978a51f3021b,chickensoup.us,resell,,,84,4,12,"GoDaddy.com, LLC",05/06/2004 02:52,04/06/2026 23:59
1fcc599b-c41a-42a1-979e-34d019de210a,Xrays.us,resell,,,52,5,6,"Global Domains International, Inc. DBA DomainCostClub.com",17/07/2011 23:50,16/07/2027 23:59
20911f5d-7b45-4f14-8bc7-4e36ccd5dc26,VHS.us,resell,,,71,20,3,"Global Domains International, Inc. DBA DomainCostClub.com",24/04/2002 19:56,23/04/2027 23:59
2104432c-58c2-45f3-baa4-17c74a759bc3,blewit.us,available,7.99,,44,2,7,name.com,,
21c80aab-782b-44d9-8f0d-53dfde42cd01,turnorburn.us,available,7.99,,56,1,12,name.com,,
236c2131-51e5-43a6-8edb-3201b89c2a95,nauseousness.us,available,5.49,7.99,58,1,12,namesilo,,
259a0c65-5f0a-4fa9-88e8-9268cb92f44d,overdressed.us,available,7.99,,64,3,12,name.com,,
25c231ec-4c50-490a-a479-1f13101c9d25,childmurderer.us,available,7.99,,30,1,14,name.com,,
25e19e2d-78ba-42dc-ab8c-36a71ac0cfad,railways.us,resell,,,51,6,8,"GoDaddy.com, LLC",26/04/2002 15:40,25/04/2027 23:59
27b1597f-2833-4884-a193-5211a15af8f1,flights.us,resell,,,61,22,7,"GoDaddy.com, LLC",24/04/2002 14:00,23/04/2027 23:59
280af8d3-45d2-4e67-935b-dbea4d46f9b4,paintthinner.us,available,7.99,,56,1,13,name.com,,
28a1fe46-8db8-43ca-b451-b544b70329c1,chairs.us,resell,,,54,11,6,"Global Domains International, Inc. DBA DomainCostClub.com",24/04/2002 14:56,23/04/2027 23:59
29518938-cf89-4479-8d14-01d91d34ce7b,ferries.us,resell,,,54,7,7,"Global Domains International, Inc. DBA DomainCostClub.com",06/06/2005 17:07,05/06/2027 23:59
2965306c-81a7-4133-868b-0fea56cb60a8,introspection.us,resell,,,66,8,13,"Spaceship, Inc.",01/04/2026 13:00,01/04/2027 13:00
2981de3c-3f36-49b4-9226-38d9048ecb6e,sexualassault.us,available,7.99,,43,3,14,name.com,,
2a14e634-347d-441c-9d08-a3eaa3c47a3f,allsorts.us,resell,,,52,5,9,"Spaceship, Inc.",01/04/2026 08:16,01/04/2027 08:16
2a221f83-8739-4b92-8945-a836a5ced705,adds.us,resell,,,56,9,4,"Spaceship, Inc.",29/09/2022 00:00,29/09/2026 00:00
2b38acd9-9f85-420c-9925-a6aff002125c,playon.us,resell,,,80,14,7,Dynadot Inc,21/12/2021 00:00,21/12/2026 00:00
2bd451af-f026-425c-9142-5c6e2043cb6d,conflicts.us,resell,,,66,5,9,"Spaceship, Inc.",01/04/2026 18:09,01/04/2027 18:09
2ce55e31-14ab-465a-a9b6-f7bea433a2db,pushup.us,resell,,,72,9,7,Dynadot Inc,09/04/2020 04:41,09/04/2027 04:41
2e2d9089-6c27-4096-9c66-8c648b90e791,dangers.us,resell,,,46,6,7,"GoDaddy.com, LLC",27/05/2002 15:15,26/05/2027 23:59
2f29c7e5-52cd-4d7d-9c42-a780ab85ddab,shoveover.us,available,7.99,,59,1,10,name.com,,
2f593e2b-e492-4966-8cfe-a025d1db2a08,keeptrack.us,resell,,,76,8,10,"Spaceship, Inc.",01/04/2026 12:59,01/04/2027 12:59
2fe3110b-adba-4e1f-9b7d-179f429cb950,Henri.us,resell,,,66,15,5,Dynadot Inc,08/02/2024 00:00,08/02/2027 00:00
3016dd2f-d522-431c-a05a-84e385a7ff23,dancers.us,resell,,,64,9,7,"Global Domains International, Inc. DBA DomainCostClub.com",24/04/2002 14:06,23/04/2027 23:59
3061cc17-af16-44c8-89a5-f02aa9ff613b,honeymoons.us,resell,,,64,6,10,"GoDaddy.com, LLC",24/04/2002 14:16,23/04/2027 23:59
318d7d88-63b5-422f-ba6a-ae6aedd30e94,playin.us,resell,,,80,10,7,"Spaceship, Inc.",01/04/2026 07:11,01/04/2027 07:11
31ddcc70-626c-4bf3-bb46-942a5abf4fc7,childrapist.us,available,7.99,,38,1,12,name.com,,
32eeb9d5-52ca-4512-a29d-b4224e00f19c,etc.us,resell,,,58,34,3,Tucows Domains Inc.,24/04/2002 14:11,23/04/2027 23:59
333d9231-6efd-4a09-b9c9-908e16acc13b,goforit.us,resell,,,76,11,9,"Spaceship, Inc.",08/06/2022 00:00,08/06/2026 00:00
339a9fc5-4871-4944-9ed7-08b35219fb3b,punched.us,resell,,,50,3,7,"Spaceship, Inc.",01/04/2026 21:40,01/04/2027 21:40
35cecc4d-5967-4f6b-9dcd-a1d1838cd8e0,mistakenidentity.us,available,7.99,,52,2,17,name.com,,
361de201-3129-438d-9a7a-27240072f06f,parkingfine.us,available,7.99,,46,2,12,name.com,,
36925450-15d2-454f-bb7f-554671fa5105,havemercy.us,available,7.99,,80,2,10,name.com,,
36e168df-e2b1-4c7b-94d2-0c2534d2dadf,godeep.us,resell,,,74,7,7,Dynadot Inc,04/05/2023 00:00,04/05/2027 00:00
3706716e-079e-462c-91c0-5000bd5c94c4,gettheboot.us,available,7.99,,70,1,12,name.com,,
3871359f-7169-4269-87b3-a621712a25a9,opinions.us,resell,,,62,11,8,Dynadot Inc,18/08/2021 00:01,18/08/2026 00:01
39e3a6fd-de09-4402-b583-db6b3c41a0e8,leaveover.us,available,7.99,,70,1,10,name.com,,
3ac62a7f-77fa-4227-8e45-355b4adb8ed7,menus.us,resell,,,54,14,5,"Universal Registration Services, Inc. dba NewDentity.com",24/04/2002 14:42,23/04/2027 23:59
3b1d4aa1-dbb7-4931-9046-7edb74ab03b7,devotions.us,resell,,,56,5,9,Dynadot Inc,06/01/2022 00:00,06/01/2027 00:00
3bc18e26-c293-42f7-ab86-bf1959c0ce01,suspicions.us,available,7.99,,43,2,10,name.com,,
3c1ef3a4-035d-496e-9871-11dfdbe6748b,goAWOL.us,available,10.98,,46,2,7,namecheap,,
3c6ca1e9-0ec7-459f-b9e8-52312b787c5b,uptoanything.us,available,7.99,,52,1,14,name.com,,
3e37d409-1514-4b25-ba4b-2ceee830777a,smashinto.us,available,7.99,,38,0,10,name.com,,
3eb04e01-6c23-4c0d-8434-5633b5c3d6d2,geton.us,resell,,,82,10,6,"Spaceship, Inc.",15/12/2021 00:00,15/12/2026 00:00
3eecd93d-c6d8-4915-a61e-cd28b2888c72,pools.us,resell,,,61,19,5,"GoDaddy.com, LLC",24/04/2002 14:08,23/04/2027 23:59
3f02dd0e-f335-4f1e-8398-93ffa32de80d,surroundings.us,resell,,,75,4,12,GoDaddy Online Services Cayman Islands Ltd.,21/10/2011 01:20,20/10/2026 23:59
3f03348c-3b29-4495-a1a8-00b84442992e,sitaround.us,available,7.99,,66,1,10,name.com,,
3f288f2c-434e-43b8-b859-33b98d9475cb,waitout.us,available,7.99,,63,1,8,name.com,,
3f28b8b0-dd69-437b-9541-a63c70212d0a,BRAS.us,resell,,,70,13,4,Dynadot Inc,19/02/2018 00:04,19/02/2027 00:04
3f7c94f3-0323-4aa0-aa56-5d7d7f48f815,scratches.us,available,7.99,,60,4,9,name.com,,
415805e3-dc59-48e5-b8e6-6cd834fa548f,brothers.us,resell,,,60,22,8,"Global Domains International, Inc. DBA DomainCostClub.com",20/10/2007 18:01,19/10/2027 23:59
4167797e-5570-4c81-9a5f-529d4de572dd,suspecting.us,available,7.99,,48,1,10,name.com,,
417c64af-2a4e-41e9-8785-7ee8b362eeb8,MardiGras.us,resell,,,78,10,10,Dynadot Inc,24/04/2002 14:04,23/04/2027 23:59
422e1227-3981-4795-aec6-3c798affafef,adventures.us,resell,,,64,18,10,"GoDaddy.com, LLC",24/04/2002 14:22,23/04/2027 23:59
426f3fe1-75e8-4d8f-a474-b2a6a2336640,havenot.us,available,5.49,7.99,66,4,8,namesilo,,
42aba373-b97f-446e-8cf3-4bccd5a86cf0,distresscall.us,available,7.99,,32,1,13,name.com,,
42e9117b-6a20-4467-87fe-3847c5eb1b6a,turnedoff.us,available,7.99,,42,1,10,name.com,,
4446ec27-660f-4d7e-85f7-c055691a133f,footballs.us,resell,,,64,5,9,Dynadot Inc,28/08/2018 00:10,28/08/2027 00:10
44d5fe06-72a1-453e-9212-d62759efd953,workouts.us,resell,,,59,8,8,"GoDaddy.com, LLC",24/04/2002 15:22,23/04/2027 23:59
472a684f-23ad-4c39-8201-5ce56449dc5f,slipoff.us,available,7.99,,65,1,8,name.com,,
47472ec0-bc07-4fac-a3fc-7ff636b2fe52,gonowherefast.us,available,7.99,,50,1,15,name.com,,
481b6e74-06e1-43d0-a49e-a68742076715,shells.us,resell,,,58,9,6,"GoDaddy.com, LLC",02/06/2004 18:00,01/06/2026 23:59
4824144b-6341-4836-a2e6-0e232e4640d5,ghosts.us,resell,,,48,14,6,"GoDaddy.com, LLC",09/07/2008 18:07,08/07/2026 23:59
48eb9fed-4e93-490e-a46a-50913270666e,ovens.us,resell,,,55,6,5,Dynadot Inc,26/09/2015 18:02,25/09/2026 23:59
4b32c728-8eeb-43df-997b-22013c9dc05e,whats.us,resell,,,58,24,5,"Spaceship, Inc.",04/10/2023 00:00,04/10/2026 00:00
4c31f1b6-c71f-4ed6-a552-d41f33a9dd41,machines.us,resell,,,56,22,8,Dynadot Inc,24/04/2002 14:18,23/04/2027 23:59
4c9be6fc-595a-48c4-9e83-22ec5ba912f6,godownhill.us,available,7.99,,68,1,11,name.com,,
4ceabf67-50c0-41c5-8a59-62dc03c2cda0,techniques.us,resell,,,50,5,10,GoDaddy Online Services Cayman Islands Ltd.,24/10/2010 18:07,23/10/2026 23:59
4e195d0e-f61f-409c-b12e-229b3b120199,shouts.us,resell,,,47,5,6,"Spaceship, Inc.",01/04/2026 09:32,01/04/2027 09:32
4e9ce8ed-3d81-4958-828e-903cf37995b7,IChing.us,resell,,,68,14,7,GrepApps Technology Inc.,06/07/2025 00:00,06/07/2026 00:00
4f78508b-b0eb-4a8c-a77a-60a3999a6679,sellthrough.us,available,7.99,,64,2,12,name.com,,
4ff538af-f4e2-4f21-8aaf-1d374458d5ac,beridof.us,available,7.99,,46,1,9,name.com,,
51706b02-3d2d-42bb-86b6-d98090c1fcca,havenoneofit.us,available,7.99,,56,1,15,name.com,,
52042c28-bd0c-48e9-a9fe-6fe10b774433,prejudices.us,available,7.99,,38,1,10,name.com,,
5367b3ed-14c0-4661-b192-2d08cc8cd80d,getmarried.us,resell,,,88,5,11,"Spaceship, Inc.",01/04/2026 07:46,01/04/2027 07:46
5445054e-1cd5-4a1e-b062-bdb8b16f139c,overanxious.us,available,7.99,,64,1,12,name.com,,
54d4b2fd-0ab7-4760-9efb-d33b725c8ca9,collapses.us,available,5.49,7.99,38,1,9,namesilo,,
54f16995-d15e-4019-8c4c-6e1621a4e0a6,goingto.us,resell,,,56,6,8,"Spaceship, Inc.",02/04/2026 15:47,02/04/2027 15:47
54fb4890-57fb-4942-a0f1-51b09bab805a,whitewater.us,resell,,,82,17,11,"GoDaddy.com, LLC",24/04/2002 15:14,23/04/2027 23:59
5670dcaf-4567-4beb-807d-53a7cadff91b,watched.us,resell,,,74,7,7,"Spaceship, Inc.",01/04/2026 07:39,01/04/2027 07:39
56cd4d1d-f2aa-46ab-9ce5-35643a56734c,lets.us,resell,,,77,39,4,1API GmbH,03/12/2024 00:00,03/12/2026 00:00
5934fc59-88bc-4c80-8ba7-0d1382e9b9f1,rekt.us,resell,,,40,24,4,Porkbun,05/11/2020 00:01,05/11/2026 00:01
5b39d8a1-e811-402a-81a6-4b8ab1511921,estateagency.us,resell,,,42,4,13,"Spaceship, Inc.",01/04/2026 08:03,01/04/2027 08:03
5bbac396-538a-40e9-97da-224d9e9dc384,notices.us,resell,,,48,6,7,Dynadot Inc,15/12/2019 00:36,15/12/2026 00:36
5bfe5f67-4a76-4ed6-8124-2e51869aebcc,filesize.us,available,7.99,,64,2,9,name.com,,
5e21cccd-8428-4340-bd5e-70c9b8233662,provides.us,resell,,,56,5,8,GoDaddy Online Services Cayman Islands Ltd.,07/12/2011 18:35,06/12/2026 23:59
5f28e55b-2483-4aca-af64-a34a540625da,filetype.us,available,7.99,,64,3,9,name.com,,
5f30773a-e89b-420a-9e20-020ae9b3242e,senses.us,resell,,,63,13,6,"Spaceship, Inc.",17/02/2025 00:00,17/02/2027 00:00
5f3bb7cc-e0e5-4714-8bfc-d489894182d3,ofan.us,resell,,,44,4,5,"Spaceship, Inc.",01/04/2026 09:25,01/04/2027 09:25
60df97c2-72e6-474a-a6a7-c4eb5a8b3042,lunches.us,resell,,,60,4,7,Dynadot Inc,15/01/2021 00:01,15/01/2027 00:01
615a5b1b-1ace-4552-a168-478e8f54ebb8,Ichooseviolence.us,available,10.98,,44,1,17,namecheap,,
636d319f-3b02-4de3-a01b-a122c6a3c116,sanctions.us,resell,,,52,8,9,Epik LLC,18/08/2013 00:25,17/08/2026 23:59
63f40335-1a3a-40fc-8a7d-4ee0db033a07,uptill.us,available,7.99,,50,1,7,name.com,,
64b3a25c-8c07-4a34-8f21-fd7a411964b8,cements.us,available,5.49,7.99,56,3,7,namesilo,,
65aa0083-f902-4fd0-94b4-0a6d40aae7e3,gooverboard.us,available,7.99,,64,1,12,name.com,,
65be58f5-7158-46be-a69a-b56122aaf889,prints.us,resell,,,54,18,6,"Global Domains International, Inc. DBA DomainCostClub.com",24/04/2002 14:18,23/04/2027 23:59
65f80740-be4f-48a8-9869-c7bc55ee445c,getlucky.us,resell,,,84,10,9,"GoDaddy.com, LLC",03/06/2023 00:00,03/06/2026 00:00
662baf75-591e-4e7c-adf7-db7202a3ec6e,bases.us,resell,,,54,9,5,"Sav.com, LLC - 4",27/10/2025 00:00,27/10/2026 00:00
669a883d-3380-445c-8944-485f0c4332a2,sorethroat.us,available,7.99,,64,2,11,name.com,,
66af7f20-a00b-4c66-8ba3-842d973e8e0f,highend.us,resell,,,72,17,8,Porkbun,16/06/2020 00:02,16/06/2026 00:02
68280901-428b-4679-ad47-02f7d8af3b65,fundamentalism.us,available,7.99,,58,2,14,name.com,,
68f155e6-77be-4420-90a8-be25ee56e2f9,youwish.us,resell,,,60,5,8,"Spaceship, Inc.",01/04/2026 11:36,01/04/2027 11:36
695d3668-1e8c-403d-800f-69454d5d2616,getwellsoon.us,resell,,,58,5,13,"Spaceship, Inc.",01/04/2026 13:08,01/04/2027 13:08
6967a6ae-9a6a-4d35-9f98-e15f16cfc120,takeanap.us,available,7.99,,73,2,10,name.com,,
69a2cfdb-2087-4102-893d-cbb005eb45c6,makeit.us,resell,,,82,22,7,"GoDaddy.com, LLC",02/03/2021 19:18,02/03/2027 19:18
69a566f7-7729-4e85-b90b-0d5b483fc3ab,overwhelmed.us,available,7.99,,48,5,11,name.com,,
69bc15e4-ce0f-47bc-8e67-09e2ed02dc67,backbreaking.us,available,7.99,,54,1,13,name.com,,
69c50708-d47f-47f1-8d8e-b4b624e6ec2e,childmarriage.us,available,7.99,,48,2,14,name.com,,
69eb385b-d3d0-481b-8d5f-fd939aba6ebb,accountspayable.us,resell,,,62,4,16,GoDaddy Online Services Cayman Islands Ltd.,30/09/2011 20:08,29/09/2026 23:59
6c456d16-042a-4593-8634-9633dcec04d5,lunchtime.us,resell,,,78,8,10,"Sav.com, LLC - 9",25/03/2026 00:00,25/03/2027 00:00
6c8b3696-1dcb-4031-81e1-cbbc45dfc36a,swords.us,resell,,,52,10,6,Dynadot Inc,18/08/2014 18:05,17/08/2026 23:59
6d4577bf-d9bd-4e65-b6f7-00539c136124,thefixisin.us,available,7.99,,38,1,13,name.com,,
6e4ba954-0e40-4de0-8815-f4ab64e13241,WorldWarIV.us,available,10.98,,52,1,12,namecheap,,
6e86d51f-3bfb-448c-8dfe-80254a2c68ed,fullfrontalnudity.us,available,7.99,,48,1,19,name.com,,
6eaa3be0-8065-49fd-aa19-6d9cddf38581,eyeshadow.us,resell,,,74,3,10,Dynadot Inc,13/08/2019 15:27,13/08/2026 15:27
6fbf6843-e309-43a9-bce1-708eebf76d7f,slipin.us,available,7.99,,65,2,7,name.com,,
70d91ebd-aeec-49ef-9989-eadd2b71d2f7,havenosympathy.us,available,7.99,,54,1,16,name.com,,
7135ec90-68dc-4114-9f8a-9c157a1dca45,paperingover.us,available,7.99,,53,1,13,name.com,,
72ae7fb4-22d6-4717-962e-e0747c30c3c1,smashdown.us,available,7.99,,58,2,10,name.com,,
73016b69-d982-49cd-a736-2d0e24e25852,gototherestroom.us,available,7.99,,56,1,18,name.com,,
731901ee-3cd0-4562-8f26-0cdab1f2e405,stuffyou.us,available,7.99,,44,1,9,name.com,,
736f3f04-00ea-4c69-a117-354b51191865,proxymurder.us,available,7.99,,36,1,12,name.com,,
748679b2-da9b-4709-b0a2-90b3394691aa,children.us,resell,,,68,21,8,"Global Domains International, Inc. DBA DomainCostClub.com",09/07/2011 18:01,08/07/2027 23:59
74ff7505-37c6-44b3-90d8-085743ca4d99,havenousefor.us,available,7.99,,56,0,15,name.com,,
750f8729-9f3c-47d1-b1b5-051a2cddf52e,stockings.us,resell,,,58,6,9,"GoDaddy.com, LLC",24/04/2002 14:11,23/04/2027 23:59
75dd522d-f02c-4931-b3fa-f3c3466360f3,deeper.us,resell,,,56,19,6,"Spaceship, Inc.",13/03/2023 00:00,13/03/2027 00:00
76da8b0e-46b2-43fd-acc4-7b054d71e248,collections.us,resell,,,48,14,11,"Global Domains International, Inc. DBA DomainCostClub.com",11/07/2013 18:02,10/07/2027 23:59
77b21379-3905-44d4-8d05-a12931655cc8,bearings.us,resell,,,50,11,8,GoDaddy Online Services Cayman Islands Ltd.,05/06/2004 04:50,04/06/2026 23:59
78e2ab26-ac90-402f-ada6-3ce70b582874,orderin.us,resell,,,77,5,8,"Spaceship, Inc.",01/04/2026 07:58,01/04/2027 07:58
798ced43-c2a6-49a8-be8b-699436c4202c,letterofdismissal.us,available,7.99,,44,1,19,name.com,,
7ae47cf5-64c8-4282-bb75-9683d14d0523,draws.us,resell,,,65,6,5,Dynadot Inc,12/08/2021 00:00,12/08/2026 00:00
7b773b22-a32d-4e34-8029-f5b26c39bbef,treating.us,available,7.99,,70,3,8,name.com,,
7befc2f0-34f3-42d5-83bd-206a268b977b,uncared.us,available,7.99,,57,1,7,name.com,,
7c5d4938-afc2-4f8e-bb27-e3949ac88a8c,proxybullying.us,available,7.99,,28,1,14,name.com,,
7cebf973-013e-4224-805a-288212b39856,pennies.us,resell,,,56,6,7,"GoDaddy.com, LLC",20/01/2018 04:49,20/01/2027 04:49
7d061357-26f2-4c24-a10e-7e915ede7b76,gears.us,resell,,,54,12,5,"GoDaddy.com, LLC",24/04/2002 15:27,23/04/2027 23:59
7d9d1afc-8e63-4e77-8fe8-38d335b2bb1d,offcampus.us,resell,,,67,7,10,Dynadot Inc,18/02/2022 00:00,18/02/2027 00:00
7debad6a-4d97-47f2-9884-11992d0b119b,makeuseof.us,available,7.99,,58,2,11,name.com,,
7e48782b-4c63-44f7-b7a6-750348acc4ad,StGeorges.us,resell,,,54,6,10,"Spaceship, Inc.",02/04/2026 19:24,02/04/2027 19:24
7e95daeb-0ba3-4704-821e-52a95d830d88,OpiumWar.us,available,10.98,,52,1,9,namecheap,,
7eaa0208-6d12-462b-a999-f8e60a9b8663,scars.us,resell,,,42,10,5,Dynadot Inc,19/07/2021 00:02,19/07/2026 00:02
7f049bcc-0966-4c83-9a0c-37e0897cf069,theories.us,resell,,,58,6,8,"Spaceship, Inc.",01/04/2026 12:50,01/04/2027 12:50
822050c1-3c49-4866-969b-0cb5ab375d9f,necessities.us,resell,,,58,4,11,GoDaddy Online Services Cayman Islands Ltd.,27/09/2011 18:06,26/09/2026 23:59
82d04350-fb9e-4d0e-a6ea-d660f8071707,sharps.us,resell,,,70,9,6,"Spaceship, Inc.",02/04/2026 09:37,02/04/2027 09:37
836dedf1-711e-48ec-bd5a-08cf033568eb,functions.us,resell,,,54,12,9,Dynadot Inc,05/07/2021 00:01,05/07/2026 00:01
83804718-27fb-495c-99f6-d69bbad79315,referredto.us,available,7.99,,46,1,11,name.com,,
83ac2fdf-adfc-4259-9940-41e99e47f8cc,somuchfor.us,available,7.99,,46,0,11,name.com,,
83b9dde6-6454-44d7-8ac9-9c38671c3493,toys.us,resell,,,60,24,4,"GoDaddy.com, LLC",24/04/2002 14:00,23/04/2027 23:59
83d0907e-807b-446f-8cd9-db00298f0f59,agreements.us,resell,,,54,6,10,Dynadot Inc,08/01/2026 05:39,08/01/2027 05:39
83e3667e-90e0-4de7-8f24-873d78fb989e,overanxio.us,resell,,,64,1,12,"GoDaddy.com, LLC",01/11/2012 19:00,31/10/2027 23:59
83e80fc6-290d-44ee-ac3c-347ed7aed5e2,threats.us,resell,,,44,8,7,"GoDaddy.com, LLC",14/02/2018 00:57,14/02/2027 00:57
840226ce-0fdb-4963-88e4-c986b422920a,counterfeits.us,available,5.49,7.99,40,2,12,namesilo,,
8484f1df-325c-46f3-9114-791f135098b0,started.us,resell,,,60,11,7,"Spaceship, Inc.",13/06/2024 00:00,13/06/2026 00:00
84c77b75-f07c-4192-8c43-66e04b9e9cca,yams.us,resell,,,56,10,4,"Spaceship, Inc.",07/12/2022 00:01,07/12/2026 00:01
85be2114-551f-4aa5-9c08-8e11ee9f4f46,dropabombshell.us,available,7.99,,58,0,16,name.com,,
8693215d-ec8f-46d4-9682-281a506b59d4,lives.us,resell,,,64,15,5,"GoDaddy.com, LLC",25/05/2004 17:40,24/05/2027 23:59
8693c48d-582d-4720-a09b-ce268ebe4f91,smashandgrab.us,available,7.99,,48,2,14,name.com,,
869b55bd-4a26-4eff-8077-61719e346e00,bros.us,resell,,,58,19,4,"Global Domains International, Inc. DBA DomainCostClub.com",10/07/2008 18:02,09/07/2027 23:59
87466473-fb3d-4f3f-a16e-f4e77dc0bf83,ive.us,resell,,,62,16,3,"GoDaddy.com, LLC",24/09/2014 20:01,23/09/2026 23:59
878c2ca3-f6d2-41ad-a44b-846c38cea5ee,havenobusiness.us,available,7.99,,60,1,16,name.com,,
88f0431d-aaff-4a34-aa65-41a462426d98,stages.us,resell,,,57,12,6,Dynadot Inc,30/11/2020 00:01,30/11/2026 00:01
89897ae5-25ec-42b3-8091-9602dc84e427,thereaway.us,available,7.99,,58,1,10,name.com,,
89a966d8-f92a-4d6f-af79-d9cee3ff8b2e,highwater.us,resell,,,66,7,10,Dynadot Inc,30/05/2021 00:01,30/05/2026 00:01
8a1c2fdb-f87f-4828-bf65-cf5e403c6020,datafeed.us,resell,,,70,7,9,"Spaceship, Inc.",01/04/2026 10:40,01/04/2027 10:40
8ae5b8ae-3362-43b8-9dc4-fcccae9fc2cc,alcoholpoisoning.us,available,7.99,,48,1,17,name.com,,
8b25b0b2-4935-4b9c-a4d7-e822ca494ddd,lostandfound.us,resell,,,64,19,14,"GoDaddy.com, LLC",27/09/2017 22:05,27/09/2026 22:05
8b59f90d-15f9-4a95-8b70-abafa4779c5e,getonboard.us,resell,,,64,11,12,"Spaceship, Inc.",01/04/2026 10:17,01/04/2027 10:17
8c9981ac-49f5-49e4-aa40-bfeff1e10893,lactoseintolerance.us,available,7.99,,56,2,19,name.com,,
8e456546-4912-4dc5-b687-b39fba2b636e,rumorhasit.us,available,7.99,,47,2,12,name.com,,
8e55a3ef-55f3-4dd9-94ca-47f468b71aeb,givingin.us,available,7.99,,50,1,9,name.com,,
8e8b5893-8953-475c-8c28-44e17b3bb264,mosquitoes.us,resell,,,42,4,10,Dynadot Inc,15/12/2019 16:54,15/12/2026 16:54
8ebeca70-f316-472e-aab1-1cff0905ac2d,terrifies.us,resell,,,39,1,9,"GoDaddy.com, LLC",15/12/2010 15:25,14/12/2026 23:59
8f33349d-c84b-40e2-a28d-81e47a2ff1ae,proxyfight.us,available,7.99,,44,1,11,name.com,,
8fd1a2a6-4238-4173-9a57-baaa7ef762b5,gobust.us,available,7.99,,68,1,7,name.com,,
91c6ad7d-8490-4876-9672-043b819d58d9,payoff.us,resell,,,70,8,7,"GoDaddy.com, LLC",25/11/2017 05:52,25/11/2027 05:52
92149288-0af7-46bf-a904-22724ac435e0,goawry.us,available,7.99,,66,0,7,name.com,,
92f80ab5-18fc-4149-bcb7-778eb1c679ad,gods.us,resell,,,72,27,4,"Global Domains International, Inc. DBA DomainCostClub.com",24/04/2002 15:34,23/04/2027 23:59
93058ce4-3d4c-4267-bdf2-5b0d17f0fc71,sqft.us,resell,,,72,9,5,"Sav.com, LLC - 3",08/12/2025 00:00,08/12/2026 00:00
94213ebb-7a86-4523-b5b3-11800d4ad455,slipthrough.us,available,7.99,,66,1,12,name.com,,
94d46a1d-0cea-4800-9878-5a6f2f486ba7,flashfloods.us,available,5.49,7.99,42,1,12,namesilo,,
95b7c198-5370-47c1-aff1-2dc99dc9611a,shovels.us,resell,,,47,5,7,"GoDaddy.com, LLC",09/06/2004 02:35,08/06/2026 23:59
9c24015a-b3cb-446b-ae24-e7d3d0c239d9,manuallabour.us,available,7.99,,58,1,13,name.com,,
9da4468a-cd0d-4762-a197-a62f0d7322d8,backtaxes.us,available,7.99,,62,3,10,name.com,,
9dd89da7-91de-41e6-b813-87b2789bbb1e,runners.us,resell,,,78,16,7,"GoDaddy.com, LLC",25/04/2002 15:18,24/04/2027 23:59
9e19f22b-2d96-437e-88ab-86675040a04e,storms.us,resell,,,60,10,6,GoDaddy Online Services Cayman Islands Ltd.,31/05/2004 08:58,30/05/2027 23:59
9e33e835-cf55-4f5e-9fec-108250d66172,spillover.us,available,7.99,,68,4,10,name.com,,
9eb890d8-466b-4309-b790-a9938a73011f,nuclei.us,resell,,,44,7,6,"GoDaddy.com, LLC",08/07/2016 12:13,07/07/2026 23:59
9ed768b3-f333-4136-9a0c-57f64562f388,vegetables.us,resell,,,64,8,10,"Global Domains International, Inc. DBA DomainCostClub.com",07/06/2004 13:19,06/06/2027 23:59
9f90fd88-c6e0-4e4b-b492-84fb20e9df9f,slips.us,resell,,,70,10,5,Dynadot Inc,12/09/2022 00:00,12/09/2026 00:00
9f9c5452-cc3a-4d2d-b63a-ccbf098c4277,alcoholproblem.us,available,7.99,,30,1,15,name.com,,
a0498ec8-b804-424f-879f-8538014ef865,sameoldstuff.us,available,7.99,,34,1,14,name.com,,
a086a2f1-809b-4eaf-aa3b-f9224e34464a,somuchso.us,available,7.99,,50,1,10,name.com,,
a087640e-c7ed-4f54-90e8-af113884001b,oranything.us,available,7.99,,44,1,11,name.com,,
a108a213-8d77-443e-8bec-b7b10689dbbb,changeup.us,resell,,,70,8,9,Dynadot Inc,05/09/2022 00:00,05/09/2026 00:00
a1dfc142-636e-4fa7-8612-f55e57fd16e4,updated.us,resell,,,52,10,7,"Spaceship, Inc.",20/08/2022 00:00,20/08/2026 00:00
a22fa39f-dd6c-4d2f-8385-e18722eb6388,blewagasket.us,available,5.49,7.99,34,1,13,namesilo,,
a411cba3-6085-411d-95b8-291de0b4eba4,woes.us,available,5.49,7.99,46,4,4,namesilo,,
a4844cbe-5ed0-456a-8d86-e996b4b97d5d,changeover.us,resell,,,68,5,11,"Spaceship, Inc.",01/04/2026 08:59,01/04/2027 08:59
a550a907-15ea-431e-a80e-354a79b0c35f,gotothewashroom.us,available,7.99,,56,1,18,name.com,,
a5af638f-f5a8-4901-abc5-06ef71c4cab7,takedown.us,resell,,,74,11,9,Dynadot Inc,29/10/2022 00:00,29/10/2026 00:00
a5da1ccb-f982-456a-bcc1-0f288675806d,flashflooding.us,available,7.99,,52,0,14,name.com,,
a5ebbad5-fb70-429a-80e5-68fea3c2af64,costcutting.us,available,7.99,,64,3,12,name.com,,
a75ed680-58ca-4176-adcc-cbaf93da2a1b,stackup.us,resell,,,64,11,8,Dynadot Inc,09/09/2022 00:00,09/09/2026 00:00
a83de0ae-e098-4215-9560-af5936c6be2b,midlife.us,resell,,,74,11,8,Dynadot Inc,26/08/2023 00:00,26/08/2026 00:00
a86dc4d8-6a0e-4502-a32b-326cf7529bac,bosses.us,resell,,,54,8,6,"Spaceship, Inc.",01/04/2026 11:39,01/04/2027 11:39
a8b8e822-883b-4835-9fd7-9f4054c68a79,sexlife.us,available,7.99,,74,6,8,name.com,,
a8dd28ac-a08c-4be4-a44d-5cb2c57f8f94,wastes.us,available,7.99,,50,4,6,name.com,,
a9d75f12-014d-43a3-8b39-378d25ed6b97,goberserk.us,available,7.99,,68,1,10,name.com,,
aa191498-fa95-496c-996e-9eda100b4db0,instate.us,resell,,,66,4,8,"Spaceship, Inc.",01/04/2026 08:28,01/04/2027 08:28
ab456cfb-d6e3-4b89-860b-3392ee8c6ef8,photos.us,resell,,,54,28,6,"GoDaddy.com, LLC",24/04/2002 14:02,23/04/2027 23:59
ab4b81f5-b909-4269-bb69-a033580c118b,startover.us,resell,,,78,6,10,Dynadot Inc,11/02/2023 20:37,11/02/2027 20:37
ab8b523c-96f2-4538-9ef8-c82a7e4223d2,profitability.us,resell,,,76,8,13,GoDaddy Online Services Cayman Islands Ltd.,01/10/2011 18:06,30/09/2026 23:59
abe1b2ae-abd4-498a-8c59-f16865bbaa5f,appreciation.us,resell,,,88,13,12,"Spaceship, Inc.",13/03/2023 00:00,13/03/2027 00:00
ac3874a6-d214-41bb-a284-4474b94a9084,sticks.us,resell,,,60,11,6,Dynadot Inc,29/12/2018 08:43,29/12/2026 08:43
ad33e027-8fed-4a75-bb10-13af5236e195,pans.us,resell,,,52,8,4,"GoDaddy.com, LLC",24/04/2002 16:19,23/04/2027 23:59
ad586618-b0a3-4ab4-93e5-0f6c8e5cf442,filewith.us,available,7.99,,68,2,9,name.com,,
ad79cf9c-cb76-41cd-82e4-c433bc0384fd,determination.us,resell,,,70,9,13,"Spaceship, Inc.",06/06/2024 20:40,06/06/2026 20:40
ae458694-92ab-4424-b6cc-d6628618cf4e,deaths.us,available,5.49,7.99,50,6,6,namesilo,,
ae823e30-1af6-4e7d-bda8-4bff36c0da9d,norms.us,available,7.99,,45,7,5,name.com,,
aeb8eeea-5b4b-49ce-8d9c-f2efb9cd83d6,cometogether.us,resell,,,70,10,13,Dynadot Inc,31/10/2019 13:26,31/10/2026 13:26
aeff8976-f663-494c-ba01-f6c044549493,grands.us,resell,,,66,8,6,"Spaceship, Inc.",01/04/2026 10:35,01/04/2027 10:35
af847f31-a468-44c4-a8e7-496b3bd8524f,gettingeven.us,available,7.99,,48,1,12,name.com,,
afa10533-390f-47f4-9852-f99f03c1612f,belike.us,resell,,,74,7,7,"Spaceship, Inc.",01/04/2026 11:36,01/04/2027 11:36
afa580dd-e67a-492e-b36a-053f9a5599ef,proxybattle.us,available,7.99,,44,1,12,name.com,,
afd8ff6b-1eb0-459f-bce3-37613103184d,trends.us,resell,,,60,32,6,"GoDaddy.com, LLC",27/05/2007 18:06,26/05/2028 23:59
b0073432-35de-4834-99c1-3522a1ff1434,fanmail.us,available,7.99,,74,7,8,name.com,,
b0160a59-bf52-42ce-97f0-76395273f90c,rolemodel.us,resell,,,85,6,10,Dynadot Inc,23/09/2021 00:00,23/09/2026 00:00
b15ac1ba-f669-46c6-bd2c-6051718bc2a1,textmessages.us,resell,,,52,3,13,"GoDaddy.com, LLC",14/08/2006 18:04,13/08/2026 23:59
b32eb02d-990c-4d2b-a4e5-920fa1391d7f,getsick.us,available,7.99,,72,1,8,name.com,,
b3f2aa91-9cdc-4362-97ef-c5827ca4f029,sawoff.us,available,7.99,,60,1,7,name.com,,
b4694c38-d90d-479e-a050-e4964391961b,havetheblues.us,available,7.99,,58,1,14,name.com,,
b4a59d85-ed43-4724-a708-97c17b645d0d,finds.us,resell,,,62,16,5,"GoDaddy.com, LLC",21/03/2019 02:15,21/03/2027 02:15
b4dc9456-935f-4213-920c-f75569d08bf7,structurally.us,available,7.99,,48,3,12,name.com,,
b6f41be3-0f72-4646-8377-344fa5d71d1a,couldnotcareless.us,available,7.99,,38,0,19,name.com,,
b801d4fc-252a-4f80-9197-7afd10730691,knees.us,resell,,,50,5,5,"GoDaddy.com, LLC",10/01/2019 06:01,10/01/2027 06:01
b8d46bbb-829c-49fb-b6dd-432c33b6df3e,rivals.us,resell,,,48,20,6,"Spaceship, Inc.",30/09/2024 00:02,30/09/2026 00:02
b989a952-f1ee-40de-80bb-7941c89ad77a,instore.us,resell,,,74,12,8,"Spaceship, Inc.",28/08/2021 00:00,28/08/2026 00:00
b99ac0ee-8c61-4133-b9a0-1245837adfd3,filetypes.us,available,5.49,7.99,46,3,9,namesilo,,
ba123349-0d2a-493d-8625-a28f73ee6496,apartments.us,resell,,,60,21,10,Dynadot Inc,04/06/2004 17:06,03/06/2026 23:59
ba4eef49-4e32-4800-b208-3d95eac995bf,flipped.us,resell,,,52,12,7,"Spaceship, Inc.",03/06/2021 00:23,03/06/2026 00:23
baa85f3b-4f04-4c8e-a216-3827a72479d6,Iwish.us,resell,,,58,12,6,"Spaceship, Inc.",16/09/2022 00:00,16/09/2026 00:00
bab9ecd3-8ab2-4deb-aaba-8e50a1210716,offenses.us,resell,,,40,2,8,"GoDaddy.com, LLC",27/05/2002 15:15,26/05/2027 23:59
bb307df0-12ed-480a-8246-2bfd907b79eb,highsociety.us,resell,,,73,8,12,"Sav.com, LLC - 3",24/06/2025 00:00,24/06/2026 00:00
bb83b675-840b-4409-8a0d-c0b6b145d491,cheesedown.us,available,7.99,,62,0,11,name.com,,
be405718-860c-418c-a51e-733efc8317ce,Ihavecancer.us,available,10.98,,44,2,13,namecheap,,
bf586c70-f457-4b8c-9507-09bcc1445ca7,backyard.us,resell,,,80,27,9,"GoDaddy.com, LLC",24/04/2002 14:14,23/04/2027 23:59
c000ecb4-10b0-4348-b1e1-5ed8de4ea461,costcontainment.us,resell,,,42,2,16,"GoDaddy.com, LLC",29/03/2018 18:19,29/03/2027 18:19
c0a3a492-7ca5-4093-872a-3155d1b003e6,GoldenValley.us,resell,,,58,6,13,Dynadot Inc,29/09/2021 00:00,29/09/2026 00:00
c0e93e46-be12-4709-8062-92fc3cc41576,Jews.us,resell,,,50,12,4,Dynadot Inc,24/04/2002 14:05,23/04/2027 23:59
c1f379d0-400d-48c5-a270-e65720773bfa,thesame.us,resell,,,54,5,8,"Spaceship, Inc.",01/04/2026 11:54,01/04/2027 11:54
c2525f2b-86da-4c47-a49a-8c4179f179c8,filed.us,resell,,,48,7,5,Sav.com LLC,11/01/2024 18:41,11/01/2027 18:41
c469b616-6ff3-4a69-95e0-c16dfb004318,reston.us,resell,,,75,10,7,Dynadot Inc,23/12/2021 00:00,23/12/2026 00:00
c6ae8a44-989f-4fa4-8412-57241633c698,packup.us,resell,,,76,5,7,"Spaceship, Inc.",01/04/2026 10:51,01/04/2027 10:51
c7d253fa-771c-4337-880a-b4dea63ec2e8,alcoholusedisorder.us,available,7.99,,48,1,20,name.com,,
c80d1071-2e40-43d5-a10f-2c43b18ecc7e,stayathome.us,resell,,,68,7,12,"Spaceship, Inc.",29/05/2022 20:11,29/05/2026 20:11
c82404dd-9ed0-4b24-9ed1-083749b0cf57,gomissing.us,available,7.99,,70,1,10,name.com,,
c8d2b462-0ca9-42d7-9abf-73c6c0b24134,beans.us,resell,,,74,20,5,GoDaddy Online Services Cayman Islands Ltd.,28/06/2005 17:06,27/06/2026 23:59
c8f5cad9-8725-44f5-8aeb-8355bd6033d9,strangers.us,resell,,,46,9,9,GoDaddy Online Services Cayman Islands Ltd.,11/11/2009 18:07,10/11/2026 23:59
ca4abc8a-c037-4ba7-b5e7-210d0a09d8c8,toexcess.us,available,7.99,,55,0,9,name.com,,
caeaaf95-a28a-4c9d-989d-89a07501a854,died.us,resell,,,40,6,4,"Spaceship, Inc.",30/10/2022 19:28,30/10/2026 19:28
cb0c3713-9799-4aa7-b63c-45c1d7b9dd13,proxycard.us,available,7.99,,44,2,10,name.com,,
cb1b8117-c45a-4d3b-b5d5-02ee47d15f96,howthedevil.us,available,7.99,,40,0,13,name.com,,
cb2005c3-6db9-4b82-a44d-e1e4324cde00,gomad.us,available,5.49,7.99,70,5,6,namesilo,,
cb326c23-3d90-4330-a202-b7824d4dab0b,takealeak.us,available,7.99,,63,1,11,name.com,,
ccb44137-6819-4ef8-b342-dc313181f5bb,keepitdown.us,available,7.99,,46,0,12,name.com,,
cd4755d9-f2fe-4f5e-bdc5-0df475c91fea,unsettles.us,available,5.49,7.99,43,1,9,namesilo,,
cf8e8ab0-1931-4726-b08d-738f439b50dd,drapes.us,resell,,,76,5,6,Dynadot Inc,24/04/2002 14:09,23/04/2027 23:59
cfab114b-3ac5-43c2-a061-6e59f7fa90ae,letup.us,available,7.99,,74,3,6,name.com,,
d07f07e1-217f-4f3a-a4c9-9802aff793af,razorburn.us,available,7.99,,60,1,10,name.com,,
d0d8aed1-7c76-4641-9658-dae0f334906d,gonuts.us,resell,,,76,8,7,"Sav.com, LLC - 9",03/02/2026 00:04,03/02/2027 00:04
d118388d-a58e-4c4e-8d59-b709f358a107,deadonarrival.us,available,7.99,,46,2,15,name.com,,
d4bc4657-d626-45c7-a8bc-3bed49944562,entered.us,resell,,,50,4,7,GoDaddy Online Services Cayman Islands Ltd.,21/10/2011 01:20,20/10/2026 23:59
d4bd38c0-5def-47d3-859d-4907cb4ab586,privatestock.us,available,7.99,,64,5,13,name.com,,
d4d72310-4028-4c08-9173-4e65e8cc1b14,snowballs.us,resell,,,59,7,9,"Spaceship, Inc.",01/04/2026 12:35,01/04/2027 12:35
d5470499-9a1b-4202-a111-d4b12a17d74b,WestCoast.us,resell,,,70,21,10,"GoDaddy.com, LLC",12/08/2016 19:13,11/08/2026 23:59
d59941dc-4fae-4ad6-8fb9-4cc760a31bc6,NewTaipei.us,available,10.98,,73,3,10,namecheap,,
d62961d4-9f63-473b-9223-58b8ea8e87b4,thoughts.us,resell,,,65,18,8,Dynadot Inc,11/12/2019 00:09,11/12/2026 00:09
d6d6e558-0d53-4d09-8344-2a989eac42d6,noses.us,resell,,,48,3,5,"Spaceship, Inc.",02/04/2026 04:14,02/04/2027 04:14
d6fca197-23bb-4193-a22b-912e551ad2dd,hangbyathread.us,available,7.99,,56,1,16,name.com,,
d7570e42-5a5e-4558-b47e-9b9b8156282e,suppresses.us,available,7.99,,44,1,10,name.com,,
d873a582-622d-4a19-9063-ae5194671909,solarpower.us,resell,,,84,15,11,"GoDaddy.com, LLC",29/05/2005 17:09,28/05/2027 23:59
d9fd77b7-c88e-4f48-b1d1-4e347aab3b45,messed.us,available,7.99,,46,2,6,name.com,,
d9fe3588-39a9-4926-b259-ccb94b93a82e,backstretch.us,available,7.99,,74,3,12,name.com,,
da48d9b8-5b7a-4eff-b344-25975cfddc37,bedamned.us,available,7.99,,38,1,9,name.com,,
da99e49a-d18f-4597-aafc-c70dbad0a703,TyphoidMary.us,available,10.98,,59,1,12,namecheap,,
db2c7ecc-a1a2-4f40-9b28-99701ad53ec2,Iwould.us,available,10.98,,58,12,7,namecheap,,
dbc48954-2430-4ed5-9164-9c31dae8104d,PopeGregoryI.us,available,10.98,,28,1,14,namecheap,,
dde34943-63e4-4ca0-aab6-7f95f5bae951,cases.us,resell,,,50,12,5,Dynadot Inc,24/04/2002 15:16,23/04/2027 23:59
ddf27cc7-e7c2-4d00-b710-2339ec6bbee3,havethefoggiest.us,available,5.49,7.99,54,1,17,namesilo,,
dffedeb9-b535-4882-a666-9dac3bc8e956,Vehicles.us,resell,,,49,13,8,Above.com Pty Ltd.,24/04/2002 14:06,23/04/2027 23:59
e020003d-4e90-429b-962c-cf5e52b57568,makeme.us,resell,,,56,13,7,Dynadot Inc,13/07/2022 00:05,13/07/2026 00:05
e0569830-572c-4516-9832-437135c9fa36,packingtape.us,available,7.99,,70,2,12,name.com,,
e05bcd08-05dc-443d-92c3-3c5c401674e0,oars.us,resell,,,56,6,4,Dynadot Inc,27/01/2022 00:00,27/01/2027 00:00
e0eb7c7d-b352-4f63-82a2-afc6f5921d1d,grandkids.us,available,5.49,7.99,66,3,9,namesilo,,
e15abdba-9694-4541-b02b-5d8609a21f7b,grains.us,resell,,,78,17,6,"GoDaddy.com, LLC",01/06/2016 04:14,31/05/2027 23:59
e1a8b802-59f8-4abb-ba9b-80446e3804b1,vacations.us,resell,,,56,19,9,"GoDaddy.com, LLC",09/07/2023 00:00,09/07/2030 00:00
e32526e8-054c-4206-bf76-77ec0ff8c131,breastfeed.us,available,7.99,,76,3,11,name.com,,
e33906c0-7910-43ba-bd1f-d21863011ad6,accountreceivable.us,available,7.99,,62,1,18,name.com,,
e48fb4e1-73db-427b-8fe1-c57f3159345b,leavemealone.us,resell,,,42,7,14,"Spaceship, Inc.",01/04/2026 06:35,01/04/2027 06:35
e615b7a9-b0c4-4dc6-9e74-f3ed8875081b,rehabs.us,resell,,,51,8,6,"GoDaddy.com, LLC",21/12/2004 19:11,20/12/2026 23:59
e65e4560-a7a9-4c34-b037-8d056218d90c,fractions.us,resell,,,52,7,9,Go Canada Domains Inc,25/10/2008 18:02,24/10/2026 23:59
e774c119-831f-4b47-bd94-78b35c3c8a19,inyourdreams.us,resell,,,40,3,14,"Spaceship, Inc.",01/04/2026 06:55,01/04/2027 06:55
e7d502d9-d6ef-4e59-9b40-a1ce248ffe84,William.us,resell,,,74,31,7,Dynadot Inc,26/09/2018 00:01,26/09/2028 00:01
e7e21ead-efc2-45c7-ae91-ee255dae47ba,nitpicking.us,available,5.49,7.99,58,1,10,namesilo,,
e8a9a136-6084-4275-8be5-fe716c049ea6,styling.us,resell,,,78,11,7,Dynadot Inc,09/04/2018 00:04,09/04/2028 00:04
e9310716-8476-4e9f-9593-6ccbda76a63e,goastray.us,available,7.99,,66,1,9,name.com,,
e99c3986-3b12-449e-8e63-4242a7785188,sweatshop.us,resell,,,56,8,10,"Spaceship, Inc.",01/04/2026 10:44,01/04/2027 10:44
e9dd8ade-4361-484d-b97e-66cb30e97404,goballistic.us,available,7.99,,68,2,12,name.com,,
ea244df8-ae80-4a94-9486-ecd25280bf8e,keepfrom.us,available,7.99,,52,1,9,name.com,,
ec66f728-539d-430d-a971-4ce21ef1cf36,getlate.us,available,7.99,,72,1,8,name.com,,
ec87264b-bf28-4ff5-aa6c-a1bb5cd160cd,IamHIVpositive.us,available,10.98,,44,1,17,namecheap,,
ec99a685-a101-4a6e-851d-61d33f054bcd,chunks.us,resell,,,46,8,6,Dynadot Inc,12/12/2022 00:00,12/12/2026 00:00
ed0feb07-79fb-4c2a-9401-aff5842fc9d4,postponement.us,available,7.99,,57,1,12,name.com,,
ed213b74-a294-49be-bdbb-3f5b0ae09c28,strepthroat.us,available,7.99,,68,2,12,name.com,,
ed3aef8d-0856-41e5-8d06-e2cc5d927be5,bebothered.us,available,7.99,,63,1,11,name.com,,
edb040a4-67bf-4622-9f5d-6c6ee0d2d684,proxyvoting.us,available,7.99,,62,2,12,name.com,,
ede95496-42aa-4758-bfb6-922fc09e275f,refused.us,resell,,,50,4,7,"GoDaddy.com, LLC",01/01/2013 17:01,31/12/2026 23:59
edea7aa5-ef38-44d0-8d51-e6b80e76bde6,finalreckoning.us,available,7.99,,58,2,15,name.com,,
ee1bfad0-96c3-428d-8941-6e61bf7dac64,typed.us,resell,,,70,11,5,"Spaceship, Inc.",01/04/2026 10:13,01/04/2027 10:13
f04f2515-2b9c-40d7-976d-f8accf340b98,notsomuch.us,available,7.99,,46,1,11,name.com,,
f0f7fd95-010f-4554-a7b4-89a377cf0a5f,throats.us,available,5.49,7.99,44,2,7,namesilo,,
f2b33757-501c-4f67-bdd5-53e40da0544a,keepoutof.us,available,7.99,,68,0,11,name.com,,
f3cd7c28-6c62-4bc9-9589-45b4fe40e2cb,preliminarily.us,available,7.99,,41,1,13,name.com,,
f46a9c4c-0ee0-4cc1-81e0-2c9e4e4e688b,underwater.us,resell,,,64,15,11,"Spaceship, Inc.",13/12/2016 18:21,12/12/2026 23:59
f479f00c-2388-437b-b951-74ca12657493,holidays.us,resell,,,78,23,8,Dynadot Inc,04/06/2004 17:47,03/06/2026 23:59
f47bfb99-c382-4bec-91e2-dc842f10a87b,Williamson.us,resell,,,60,13,10,"GoDaddy.com, LLC",24/04/2002 14:04,23/04/2027 23:59
f642847c-82b3-4e9f-bffe-fcb8f25cdad0,alcoholintoxication.us,available,7.99,,48,1,20,name.com,,
f6cc283a-fdec-4f5f-bfe6-414d34402fec,overwith.us,available,7.99,,60,1,9,name.com,,
f7255591-822f-4d77-8ebb-89e856e71190,crowns.us,resell,,,62,11,6,"Spaceship, Inc.",25/02/2020 12:10,25/02/2027 12:10
f8c39d11-d012-496c-9f3e-eedf1bb385ba,thongs.us,resell,,,50,5,6,Dynadot Inc,24/04/2002 14:02,23/04/2027 23:59
f8c924ed-a3a1-4569-b580-6b19c77f9e9f,refusing.us,available,7.99,,40,3,8,name.com,,
f8ec8c4a-e418-4c4a-99e8-da56bd4fa6de,offices.us,resell,,,60,16,7,"GoDaddy.com, LLC",24/04/2002 14:03,23/04/2027 23:59
f93d5b99-c237-4c08-9fbe-98cc3166fa61,cocks.us,resell,,,56,10,5,"GoDaddy.com, LLC",07/07/2009 18:03,06/07/2026 23:59
fa3676a1-be73-4c98-a770-d873b533c345,diseases.us,resell,,,40,5,8,"GoDaddy.com, LLC",24/04/2002 14:01,23/04/2027 23:59
fa709304-6018-4896-a52f-3e3a72859081,KeyWest.us,resell,,,76,26,8,"GoDaddy.com, LLC",02/06/2004 18:06,01/06/2026 23:59
fabf64e8-81a9-4e68-aeee-829f86e15c2c,jetblack.us,resell,,,82,8,9,Dynadot Inc,17/09/2021 00:00,17/09/2026 00:00
facd4a00-2685-455b-b9e4-de05f84998e7,pumpup.us,resell,,,76,5,7,Dynadot Inc,06/12/2025 00:00,06/12/2026 00:00
fb4707bd-17f2-4075-900c-9da1c42ecd04,breeds.us,resell,,,60,4,6,Dynadot Inc,14/04/2023 00:00,14/04/2027 00:00
fb7b2bb9-7d6b-4b0c-9291-789ae5b1a815,gems.us,resell,,,70,28,4,"GoDaddy.com, LLC",29/06/2007 18:04,28/06/2028 23:59
fcaa0a01-4d19-4953-835b-057ae5157a95,sedans.us,available,5.49,7.99,51,3,6,namesilo,,
fcf1baeb-bde6-472d-9952-8faf771dafaa,liberties.us,resell,,,56,6,9,Sav.com LLC,04/07/2024 21:46,04/07/2026 21:46
fe6d3b39-cda0-43e9-a19a-d1daa3701d78,makeitcount.us,resell,,,72,8,13,"Spaceship, Inc.",01/04/2026 10:27,01/04/2027 10:27
fef064bc-a2d9-4a4b-9d18-07d2ff0f433c,traps.us,resell,,,68,7,5,"GoDaddy.com, LLC",23/07/2002 17:20,22/07/2027 23:59
ff1a36cb-e579-4548-a1e4-d8164ed84c8b,FinalJudgment.us,available,10.98,,54,2,14,namecheap,,
ff40ffb0-0b7d-4476-b441-cd32c10d1f1d,biases.us,available,5.49,7.99,42,3,6,namesilo,,
ff468bf5-44ae-4a82-a7b9-8d7d5e8b457a,invogue.us,resell,,,70,6,8,"Spaceship, Inc.",01/04/2026 11:30,01/04/2027 11:30
ffdeab92-54b5-4e50-ae5a-e4fd1b76348b,underprotest.us,available,7.99,,30,1,13,name.com,,
af8e87eb-8382-4ef7-9e86-eec5e104638d,Asianization.us,premium,,,52,8,12,,,
7420578e-5a98-4427-97bc-f51b33bfa80f,typical.us,resell,,,82,11,7,Dynadot Inc,03/01/2022 00:00,03/01/2027 00:00
682ed613-3ae1-4343-b6be-3d92aa3f46b8,fuzzynavel.us,premium,,,68,72,11,,,
26942efd-54d6-490c-9f0e-926cffca4333,royalprogress.us,premium,,,62,72,14,,,
14e451d4-15f9-4e34-a1f7-18f7f05994eb,trapper.us,resell,,,56,84,7,"GoDaddy.com, LLC",29/04/2002 14:01,28/04/2026 23:59
60a39c26-5929-413d-9322-5cf51d44d747,creekfish.us,premium,,,52,8,9,,,
7f4a49f9-5eb4-4aa8-8450-ff4711415a07,mossgreen.us,premium,,,50,72,10,,,
209812ba-8a41-496b-9153-23946edc3042,Leidenfrosteffect.us,premium,,,60,72,18,,,
9b48e7dc-202c-4c62-a16b-281e42a8eae5,secondleveldomain.us,premium,,,56,72,19,,,
c99168c8-e6c9-4307-8884-f4ace6ad6ce8,establish.us,resell,,,66,10,9,"GoDaddy.com, LLC",19/07/2015 19:55,18/07/2027 23:59
ead0a880-4086-4769-bc5e-6299d26145c0,university.us,resell,,,66,96,10,Sav.com LLC,08/07/2017 18:01,07/07/2026 23:59
0bd341dc-5713-4312-9e93-6a0753fddc67,recoveredmemory.us,premium,,,70,1,16,,,
a8843fec-7c36-4f67-8307-e0faec5e9ad8,affective.us,premium,,,56,5,9,,,
756e5f4a-d81b-4cfe-b8ed-a135948eacb1,panellist.us,premium,,,54,72,9,,,
fdedf842-bfc4-44e6-b90a-575e0d08e5b7,Christalmighty.us,premium,,,72,5,15,,,
e13a58cb-7019-4e8a-99c1-862b6dfc88e5,salinity.us,premium,,,52,76,8,,,
25632fe6-5630-4a3f-bad0-7b89fdd27f40,titbit.us,resell,,,71,80,6,Dominet (HK) Limited,10/02/2025 17:32,10/02/2026 17:32
87b727e9-1038-467b-b460-6ab65e27c923,reclining.us,premium,,,78,68,9,,,
5f86d5cd-594f-42d5-a845-d7697a1a996f,coloursergeants.us,premium,,,40,4,16,,,
e226e92e-0ff0-404b-936c-57ad4e185d45,moneysupply.us,premium,,,72,2,12,,,
025672be-9230-4ecc-a86e-04c7d0a9a57f,acino.us,premium,,,50,1,7,,,
dc4677d8-ece4-46d6-8f3f-70bc4710d2ea,potluckdinner.us,premium,,,,72,14,,,
2edbdbff-b0c8-43ed-9722-24ac04c8b8ac,likelier.us,premium,,,42,8,8,,,
602e1267-870c-4e6e-b1e2-78557facca81,Pentecostal.us,premium,,,72,76,11,,,
9795c521-6c6c-4e21-b8a3-9817d25c5510,thoroughness.us,premium,,,,12,12,,,
4fe15120-9203-4f03-9174-abda55570f44,Dodochess.us,premium,,,46,68,10,,,
9eec53d1-5ad3-4576-8619-b1d33ebc1881,purposing.us,premium,,,56,72,9,,,
497ffbf7-eb9c-4886-8638-d037426c37a4,tabloids.us,premium,,,,16,8,,,
50352394-6ecc-4195-a3d6-73710018c142,populations.us,premium,,,,28,11,,,
c4b4a148-4beb-4de5-877d-2ea8690ecf06,springtolife.us,premium,,,,76,14,,,
2e67c85a-82b8-4443-93e7-763ab779530f,azzarqa.us,premium,,,56,72,8,,,
4d1b3f8b-7e47-427f-827f-c9f9024190b1,autophytic.us,premium,,,48,1,10,,,
b5120c91-90bb-46f9-ad64-366ef5cfcdb3,verbofmotion.us,premium,,,,72,14,,,
5ac80f06-0b9b-449a-9d6c-d54734ae9c1e,bubblelevel.us,premium,,,62,72,12,,,
83e46e23-efd6-45a1-b568-2300e37ceeb5,sane.us,resell,,,90,80,4,Dynadot Inc,26/02/2020 08:20,26/02/2026 08:20
918566da-812f-43ba-b964-4fe53187c4ec,crabpotvalve.us,premium,,,32,4,14,,,
35f8ae1c-caf6-448e-b545-e6c30de413d5,GreatHoughton.us,premium,,,52,72,14,,,
33280c6e-138f-41c5-be6c-d89acab7d29b,acidstable.us,premium,,,56,72,11,,,
5dac6cbc-a2da-4111-9f61-21774767bf39,therapeuticwindow.us,premium,,,58,76,18,,,
7536e84a-a81a-4671-90ca-f582fbf0ae5a,Mustafas.us,premium,,,,28,8,,,
16a1b783-e5db-45c3-a2ef-ce9f07a2e96d,cotherapist.us,premium,,,62,72,11,,,
16180c09-084b-4ae5-92cc-0ff6a6a6dacd,squashracket.us,premium,,,64,72,13,,,
a60ea49f-6462-4a8e-882d-99dc55622641,hikeout.us,premium,,,56,12,8,,,
5fed235d-187c-4904-8628-daade22e32d5,advertent.us,premium,,,56,1,9,,,
3e061b14-6344-401f-80e8-ac31dbd98429,accolades.us,resell,,,46,48,9,Dynadot Inc,12/02/2023 07:14,12/02/2026 07:14
5a4d790a-b1b4-4a59-98a3-770e5d3d7cec,sheepsorrel.us,premium,,,,72,12,,,
a9a88930-aa80-42b2-97a6-ea408c71db31,stationstaff.us,premium,,,,72,13,,,
a1c7a378-626f-466c-8dca-0d4579766049,pupal.us,premium,,,54,76,5,,,
ea443602-7211-4863-8d61-a1d2878c7916,number.us,resell,,,96,24,6,"Spaceship, Inc.",08/07/2023 00:00,08/07/2026 00:00
56f6dc9d-e45d-44d1-929d-e7220f00fc1e,greatmullein.us,premium,,,,72,13,,,
08463e53-054f-4bec-a4db-685439c09878,ironricebowl.us,premium,,,58,72,14,,,
479b709a-2681-4be9-9d98-cd4ead5118b7,bedroomsuburb.us,premium,,,60,72,14,,,
890ef974-dd44-48fb-9c85-5624d2d151fd,antidotal.us,premium,,,56,2,9,,,
827e6526-fcce-4dda-af34-66d7c7cc3631,aglycone.us,premium,,,56,72,8,,,
495687c9-c515-4903-acd7-041d2914f851,outstandingly.us,premium,,,52,76,13,,,
96204d4e-e733-47cc-a89e-905eaa735525,Amherstpheasant.us,premium,,,54,72,16,,,
45bfa204-b226-4acb-a212-56b3f6208521,linearcombinations.us,premium,,,36,4,19,,,
1944a06b-2229-4c47-9f29-4a2f535a5ec4,telephonic.us,premium,,,52,72,10,,,
3075a8ce-35b6-4648-a4c5-b96cb7fe3e5f,crosswordpuzzle.us,premium,,,72,2,16,,,
0119fa05-2850-4929-99d5-4418746621fc,prized.us,premium,,,66,72,6,,,
b7bfe602-742c-4f2c-b115-6300f2e1308e,briery.us,premium,,,66,1,6,,,
c29161d7-de46-4487-b672-c2ffa6ad3747,masscenter.us,premium,,,36,76,11,,,
a8fffaf8-b0ee-44d7-92b9-4113f964b493,desulphur.us,premium,,,56,72,9,,,
8794d375-314b-4275-ab81-a442e3a3294f,plateup.us,premium,,,,2,8,,,
c311b96f-b9a8-46b6-af4b-b63ad43eb540,Saxonyyarn.us,premium,,,,72,11,,,
bb337e7c-d43f-4d7a-b8b6-b889ce0d4d3d,rightmouse.us,premium,,,,72,11,,,
c2c0e506-07d3-4208-8131-4203e799402c,congenial.us,premium,,,56,76,9,,,
1dd6a643-f3c7-4a66-a85b-124409803524,puffedrice.us,premium,,,,72,11,,,
31819d76-df3c-4085-861f-e70563d732da,shakerupper.us,premium,,,60,72,12,,,
db395788-5262-47b0-ac06-09f53bb3cc85,lammastide.us,premium,,,44,72,10,,,
a8b9bb8f-3428-44b0-a825-96b3329e270b,sombody.us,premium,,,62,1,7,,,
cf20f7c2-0163-468b-8a49-3d0f28e55abb,sealpointed.us,premium,,,,4,12,,,
cc1855e2-bd09-4de2-a44e-4426718db505,puffy.us,resell,,,64,80,5,"GoDaddy.com, LLC",11/03/2018 00:03,11/03/2026 00:03
4ab7ba41-c557-4841-b6e1-3fef5ef0b6a7,cutlassfish.us,premium,,,56,72,12,,,
ff87b3c7-1d67-4118-a13f-59f97140d0d6,eat.us,resell,,,112,29,3,"GoDaddy.com, LLC",28/08/2020 00:01,28/08/2027 00:01
93855b09-fbdf-463c-8981-71afc537e30e,fittogether.us,premium,,,76,4,12,,,
9102f9c2-eb33-45b1-af56-a8484e007846,coughreliever.us,premium,,,38,72,14,,,
a173ce27-4832-4a9c-b74f-d96d5ab11ea5,cakeplate.us,premium,,,58,72,10,,,
7a1b271c-e8bf-483c-8a82-7e709e497557,closedformula.us,premium,,,58,72,14,,,
fc5e67b7-5284-4de1-9c73-26ce9595ee24,kerfluffles.us,premium,,,38,4,11,,,
7132f4d2-c6d3-48c2-9d8e-f3c71d35d655,quivering.us,premium,,,52,72,9,,,
b71305cc-449c-4929-902c-670c4c61f9ad,compulsorily.us,premium,,,42,72,12,,,
31cd8834-0005-4e4d-abfd-4d254d70e9af,summertime.us,resell,,,66,11,10,"GoDaddy.com, LLC",26/08/2019 09:33,26/08/2026 09:33
917dc11c-8f98-4888-ada7-ac39db47e863,hardstart.us,premium,,,56,72,10,,,
1f70595a-10c6-4edf-97f9-86eb061ea42e,yellowsugar.us,premium,,,,72,12,,,
5109ac3c-c700-470e-a293-82a86f1392f1,firstwavefeminism.us,premium,,,56,72,19,,,
5dd6dad8-723e-42f6-b91b-ac16f052846a,boardofadvisors.us,premium,,,40,72,17,,,
138fcfeb-5386-4a91-bd67-c92c0d0ceeb5,crowningachievement.us,premium,,,70,72,20,,,
98c0348a-baab-45e7-8393-32d2875f359b,gardening.us,resell,,,66,80,9,"GoDaddy.com, LLC",24/04/2002 14:00,23/04/2026 23:59
669cbd8c-cb08-4290-9ca3-067f0b4b2c2a,fishfarming.us,available,6.99,18.99,50,68,12,name.com,,
13d68620-c75f-4431-a08a-26922932c36e,congregationalism.us,premium,,,58,72,17,,,
5fa91514-a208-40c0-9ea1-13031d3b6feb,drinklikeafish.us,premium,,,60,72,17,,,
538e5809-64d8-421b-9ccc-50ebdbac1536,artificialsweetener.us,premium,,,58,68,20,,,
fd260b07-d4ee-4354-8ec2-89ab021f3239,nosyparker.us,premium,,,74,76,11,,,
554180c9-a348-4426-8fe7-7625430d852d,mtranier.us,premium,,,58,72,10,,,
51d969b3-a231-40d8-9807-181d4e2e1bda,virtuous.us,resell,,,62,72,8,"GoDaddy.com, LLC",06/10/2016 18:14,05/10/2026 23:59
bb482c1c-f416-4b57-8a53-ee7e42e1d4ff,recreant.us,premium,,,56,1,8,,,
037d2f54-df2c-4f52-a8ec-80003547c331,saintlike.us,premium,,,66,2,9,,,
a4c615a9-8e94-449b-9326-04caaa3c0bd0,spoondrift.us,premium,,,,84,10,,,
9c3b6794-b435-4ecd-806b-baa71b1cd2b3,rocketed.us,premium,,,,16,8,,,
3b2e27e9-0347-453d-8e90-974a15fef0d9,officepatient.us,premium,,,,4,14,,,
654d9457-10d0-4e7f-824d-b15d20862a5f,transliterates.us,premium,,,,4,14,,,
a589e2c7-c968-4577-9d60-770d072fa3bc,salads.us,resell,,,,76,6,Dynadot Inc,11/07/2024 04:43,11/07/2026 04:43
b2899867-f1e6-4a5d-a4e1-c1ad3a34fd7e,ballooningly.us,premium,,,46,4,12,,,
dea9e4d6-90cc-4d43-82f0-f99b761f2918,indicatorcard.us,premium,,,38,72,14,,,
a192f968-1788-42bb-a84b-05d26333a574,peryear.us,premium,,,48,72,8,,,
21843ac8-b80c-4f67-ba81-309a066126e9,treacle.us,premium,,,84,84,7,,,
078e5802-01a1-4636-bc90-b94ee40f801c,takealoft.us,premium,,,,72,10,,,
b6af5889-30dd-46a1-a4cb-a8e096a8a2b2,NorthHolland.us,premium,,,,68,13,,,
3ba777a2-4531-457d-b831-43a8fcc9c132,secretagogue.us,premium,,,52,72,12,,,
091ea963-54c0-4e27-88b0-730292fd8323,subparagraph.us,premium,,,73,72,12,,,
b255efe0-f5e6-4f52-8b08-e78b4695b2a5,artisticgymnastics.us,premium,,,64,8,19,,,
3fd6ee56-e6a1-4cbf-b28d-456e16f3bf5c,joke.us,resell,,,98,18,4,"GoDaddy.com, LLC",24/04/2002 14:07,23/04/2027 23:59
ac9e2708-afa5-4481-9c39-e0843a447e01,weeding.us,premium,,,64,72,7,,,
bfb281d1-5daa-4d23-b623-919b07d3a70e,bucketbrigade.us,premium,,,56,76,14,,,
d2a07397-3425-49d7-9561-61f9409a593b,blueeyecod.us,premium,,,56,72,12,,,
a71f00a8-314c-47dc-9840-3fa27e5169d8,alexic.us,premium,,,56,3,6,,,
7eb46a8c-af48-4c68-a4db-604db5924f23,lounges.us,resell,,,46,24,7,Key-Systems GmbH,25/09/2007 18:05,24/09/2025 23:59
7624a211-b60a-48d7-9991-0bee94323fdf,reremouse.us,premium,,,,72,9,,,
4cb85d77-773d-4266-a240-8cef5a95b4c3,weightmeasure.us,premium,,,54,72,14,,,
17be095b-d621-404a-8f9c-3ca37d252cd8,boroughEnglish.us,premium,,,56,72,15,,,
bcd5b634-1880-40f9-8f13-12f06a1dc87f,reamer.us,premium,,,50,80,6,,,
357b753d-a29d-46af-8d1b-53292cd4dbb7,bloomed.us,premium,,,38,20,7,,,
907a72ae-9c01-4fb0-ab38-77ead9700944,defrayal.us,premium,,,56,72,8,,,
1950906b-7839-45d8-aee9-ed2f48a08c4b,tearduct.us,premium,,,52,68,9,,,
939e6f53-07ea-4c80-9064-107a6d2487a3,gregariously.us,premium,,,48,72,12,,,
bfff59d1-e099-4ebe-bc3e-e9751556ccf1,Ciney.us,premium,,,54,72,5,,,
77416e72-fb56-44ea-8530-0c8c3a164c0a,DVDplayer.us,resell,,,64,72,10,InternetX GmbH,24/04/2002 14:12,23/04/2026 23:59
2e51d91a-3902-47f1-bd9d-d8688a42bc27,fivetwenties.us,premium,,,54,72,13,,,
0b3c22b9-6f0d-4143-9667-ee09422ab68e,intensivecareunit.us,premium,,,58,72,19,,,
ed70cbaa-2db1-43c6-a03e-117445b14374,ordinaryline.us,premium,,,,72,13,,,
66d2ac1a-3704-4e16-a243-2790f271b81c,WestFlemish.us,premium,,,,72,12,,,
bf8ff87f-83de-45c1-b47d-a2e4bd8f0d63,platformbed.us,premium,,,58,76,12,,,
77876278-93b6-4f42-9499-702c71131c09,colorin.us,premium,,,54,72,8,,,
50c29d2f-7028-4338-8df6-627d9f997396,casually.us,resell,,,57,76,8,Dominet (HK) Limited,10/02/2025 13:53,10/02/2026 13:53
bc0dad86-a3ed-4c62-bf3d-4ed02d2f91b1,overtaking.us,premium,,,60,68,10,,,
9e257007-026f-4ba7-bf1e-2c2962538a23,identikit.us,premium,,,76,76,9,,,
40562e07-9be7-4020-a1de-026557a9f04d,woodpecker.us,resell,,,70,80,10,Dynadot Inc,18/02/2017 18:03,17/02/2026 23:59
438f6c7a-02e1-4f73-8f41-e5f0f8434565,filename.us,premium,,,56,76,8,,,
d005ce32-39a9-431b-89e4-b90632b759e7,americana.us,resell,,,66,80,9,"GoDaddy.com, LLC",18/08/2012 18:00,17/08/2025 23:59
55888d94-4ead-421f-9f15-0721e535e9fd,finalwhistle.us,premium,,,54,72,13,,,
e406edcc-105e-4465-bae7-26b8a1aca660,encountering.us,premium,,,76,72,12,,,
5db6b256-3f22-4502-a257-e85f33980ea2,finickiness.us,premium,,,58,4,11,,,
0d7a3673-4096-461c-b7ca-7cf10a98c645,sisteract.us,premium,,,60,72,10,,,
619469e0-dcf4-41fd-aca5-241c2d22e93f,sneezes.us,premium,,,50,2,7,,,
496b2868-514f-4ebc-900b-acde1889f8f3,Fingers.us,resell,,,44,10,7,"Spaceship, Inc.",01/04/2026 11:32,01/04/2027 11:32
55c22132-2f6a-40e8-bbb6-602c190d9027,coursers.us,premium,,,36,12,8,,,
48d18715-2f72-4931-8c0c-88fda4760e45,capitalasset.us,premium,,,58,72,13,,,
47324124-07e9-495b-a83c-eb945e05b68d,phylogenetic.us,premium,,,,8,12,,,
3cd16098-1fc5-4228-8253-0b277cc26551,partwith.us,premium,,,,1,9,,,
92fc33a4-32d0-4e14-b560-d2cf0d676ac8,funkiness.us,premium,,,64,12,9,,,
9599230d-6c91-4deb-baf4-13cde320e8d5,transducers.us,premium,,,,16,11,,,
3a6533e8-b08b-46e3-b0cc-adf5b66997de,copperwork.us,premium,,,56,68,10,,,
271e0118-d123-4224-9923-4a17167e1cd9,coverband.us,resell,,,56,80,10,"GoDaddy.com, LLC",19/02/2011 04:14,18/02/2026 23:59
a2dafc10-f661-43ec-80c6-a0e0216ef38f,turnin.us,premium,,,,68,7,,,
d7d316bd-89ec-4400-b292-18ef6e0af8c7,taketheheat.us,premium,,,,72,13,,,
4819e78b-6bdc-4afc-8253-942aac6070e1,readjusted.us,premium,,,,8,10,,,
87a61af5-787a-4e9d-a90e-a6efad16bfd5,Lorentzmanifold.us,premium,,,38,4,16,,,
777e8ec7-aa97-484f-b0a3-600720cc7493,prayerrug.us,premium,,,56,72,10,,,
95416f66-35e2-412f-a355-d090240d998a,FaroeIslands.us,premium,,,38,72,13,,,
4aaed330-a756-4d50-a4f2-4c8267980ff5,vicedirector.us,premium,,,58,72,13,,,
fd60c3bd-a11c-4f72-85fb-fbfdb0959500,hostresponse.us,premium,,,60,72,13,,,
72c8a081-4951-4b37-bd5f-ace4dd7b7414,inlandsea.us,premium,,,54,72,10,,,
72ad6d2e-22b4-4945-bd46-225755a715eb,clothofgold.us,premium,,,58,72,13,,,
bbf80797-584f-4c68-904a-48cc4f9fe208,creamiest.us,premium,,,36,4,9,,,
431f7e79-811d-43fa-a326-a7464ebbbe31,intermsof.us,premium,,,46,76,11,,,
050e76b2-85ba-4d52-a84f-21ac7aba60fa,taxbreak.us,premium,,,56,80,9,,,
e3ecb03d-6517-41ad-8911-a44643ee5d48,occurrence.us,resell,,,64,5,10,"Spaceship, Inc.",02/04/2026 18:33,02/04/2027 18:33
991ace16-8db6-4ebc-83f1-27464fdd32c2,escalating.us,premium,,,36,12,10,,,
3d37ca52-f341-49b2-b8dd-6641ad6aea57,nonSpanish.us,premium,,,,72,11,,,
02e550b1-2e65-4ac4-b529-fd1f7c1af1bd,dramatically.us,premium,,,54,68,12,,,
d8da9cd2-a48a-46c1-a052-8b420bfc59b2,girllove.us,premium,,,62,72,8,,,
4c9bf970-d58a-4ee3-b61e-e71b6cbe363b,preserver.us,premium,,,60,80,9,,,
88801feb-9366-4733-a833-464868f1c1a2,FallsCounty.us,premium,,,56,8,12,,,
028fe751-57f4-41da-89cf-48f431d5ba47,Frenchtwist.us,premium,,,68,72,12,,,
92e18c89-d3b0-46b8-b68b-ff8828809f08,jumptheline.us,premium,,,58,80,13,,,
e44ccdbb-0d3f-4a88-be57-e5653c2ffffc,gladeye.us,premium,,,66,76,8,,,
71662349-cff1-4c6a-851f-b121d1121b0b,seeto.us,premium,,,,76,6,,,
641e8deb-3be6-43e0-93c7-acfd7023b8df,succour.us,premium,,,92,80,7,,,
677d76fe-7aaf-45ee-b03a-d71275340bd7,allhellbrokeloose.us,premium,,,48,8,20,,,
feef5c09-0a4d-49ee-9e72-1c19e05d11bb,allwellandgood.us,premium,,,46,16,17,,,
c86b8977-ee65-41bc-aae1-23f645a55469,exculpated.us,premium,,,62,1,10,,,
0345f675-d74b-4332-86d6-c751dff8eab9,playarole.us,premium,,,,1,11,,,
13742bbe-3a68-42dc-b49e-c9661eefda21,flavoursome.us,premium,,,60,72,11,,,
d17b67ca-1858-4a96-9cfc-1aa78617538c,landgrant.us,premium,,,58,72,10,,,
9b43aa6d-b871-4f6f-884d-efd431669352,doyoumind.us,premium,,,46,10,11,,,
f295a504-cfc4-4da9-89e0-9afc8f31c6c3,surcoat.us,premium,,,58,72,7,,,
7737769d-bdf9-4a29-9efa-db733caa0e85,soccerfield.us,premium,,,62,72,12,,,
ef4ca721-a536-4d15-8667-7c1b1d2baf07,worldpower.us,resell,,,66,72,11,Dominet (HK) Limited,10/02/2025 21:55,10/02/2026 21:55
44ecbc61-2394-4da2-8b83-ab30fa08eb13,serious.us,resell,,,80,26,7,"GoDaddy.com, LLC",02/06/2004 18:19,01/06/2027 23:59
86c2041e-2319-40a6-8911-e3275e4a1982,reflection.us,resell,,,72,19,10,"GoDaddy.com, LLC",18/02/2018 00:02,18/02/2027 00:02
c0b0f486-1a3c-4d30-add2-542414b7660d,wetnurse.us,premium,,,72,72,9,,,
8d7e7a44-a879-40dd-af1d-145fa5bad0a9,transmissible.us,premium,,,50,68,13,,,
98d84dbe-3c41-41dc-b96c-749c5a5f1c9b,rangy.us,premium,,,56,80,5,,,
4166d484-e81f-4f57-8123-71933a444cf1,thankable.us,premium,,,,76,9,,,
262a0290-2efb-4f01-bdc8-39b671b203f5,hasto.us,premium,,,56,3,6,,,
371f29b7-0fc0-47bd-8b3b-2359d2df3af8,velvetpile.us,premium,,,,4,11,,,
401a8644-8af2-4ea8-82a3-f05740840f3f,stormflow.us,premium,,,,72,9,,,
c76da8d8-bdad-4dd3-be58-c5cab99e31af,bushknife.us,premium,,,52,4,10,,,
cb91e9ad-677d-4301-9eae-111d55840165,cyberinteraction.us,premium,,,64,8,16,,,
a01e6f25-7398-4aa0-bc1a-b49f81cd53e1,commoditymarket.us,premium,,,64,76,16,,,
913b8682-df6e-4a85-a436-2e135d0fa2d9,potentiality.us,premium,,,,13,12,,,
e2a33827-2189-408a-9168-694eed059e5e,tracery.us,premium,,,56,76,7,,,
e465e223-fd74-4f54-a89c-c7601ef54cbc,spherical.us,resell,,,60,10,9,Dynadot Inc,21/06/2021 08:11,21/06/2026 08:11
4b50c342-9516-4d78-a8f1-59870d8026de,controlledrelease.us,premium,,,38,12,18,,,
f478532d-de76-4288-8511-f26b31cea8c2,Vegemite.us,premium,,,54,76,8,,,
c80b8d3a-5a42-4f42-a8d9-02fb3d168b0c,bottomwards.us,premium,,,40,4,11,,,
33fd614b-dcda-4d94-b4b9-e5a79ed3331f,aloogobi.us,premium,,,64,8,9,,,
72514315-ae62-48f1-a223-2d4396a094c0,everyplace.us,premium,,,50,80,10,,,
4b6e46ce-a858-48e1-b96e-40fa151ddd60,replays.us,resell,,,,44,7,Dominet (HK) Limited,10/02/2025 16:08,10/02/2026 16:08
35972c87-958b-40ea-9984-b0d830cf95c0,Michelinstar.us,premium,,,66,72,13,,,
684af5fa-5772-482c-9d23-a60140d7f398,askover.us,premium,,,60,72,8,,,
c98c41a0-0a59-4790-9c58-4f917f539ed4,kind.us,resell,,,100,34,4,"GoDaddy.com, LLC",25/09/2014 18:03,24/09/2029 23:59
0a0c0fa9-590d-45f7-9257-7e4e26f786a6,spacevehicle.us,premium,,,58,72,13,,,
580e9f1f-55cf-4d54-be7b-46faeb8802c4,silverband.us,premium,,,58,72,11,,,
58000794-08cb-4fb5-96bb-bf988444b1c5,billowy.us,premium,,,64,72,7,,,
44171e07-e6b6-44b6-8b2a-e746912bf12f,terraces.us,premium,,,,24,8,,,
5a9d18d3-b07c-4d5f-8d08-0f58a74a0c1d,Biwa.us,resell,,,52,76,4,Dominet (HK) Limited,10/02/2025 07:29,10/02/2026 07:29
1a51b987-909c-45f8-9890-c28b773b2091,rewatchable.us,premium,,,62,72,11,,,
a273dfff-f2ca-4e75-bb7e-9e4b098f6710,communalism.us,premium,,,54,72,11,,,
3b9aa488-b9d1-4671-98db-b500a1b2ce17,outfitter.us,resell,,,58,80,9,"GoDaddy.com, LLC",27/03/2018 00:02,27/03/2026 00:02
3b923c83-e3bc-4029-b02d-562b8e3e68ce,reliefs.us,premium,,,,12,7,,,
3e5e6576-8a2f-4a1d-affd-03fb06e34a72,lettercase.us,premium,,,64,80,11,,,
422fb916-fa74-4d65-adb6-20c5205862f0,breakofday.us,premium,,,38,72,12,,,
88e0e759-6c8d-45d4-92eb-007dd8be509f,comeupwith.us,premium,,,72,1,12,,,
e2da8bf4-7b65-421a-bb2c-8028e68f7110,musculatures.us,premium,,,,8,12,,,
8bdae9ab-bea7-4e87-94cb-f26d7d09fcea,spaceful.us,premium,,,50,80,8,,,
bae461b3-0106-471b-8b0d-ab05b5a473e5,painstakingly.us,premium,,,46,72,13,,,
3cd676a6-52fe-4be3-8220-fc9aba351e18,BelizeCity.us,premium,,,52,72,11,,,
007671fe-dc40-4b54-abfb-0cd71156bed9,whitened.us,premium,,,66,1,8,,,
83ec8459-435b-4c35-b97f-ece14a8a2d61,chelation.us,premium,,,56,72,9,,,
caad0fa8-4875-4193-857f-08ca40f379f2,workhistory.us,premium,,,64,80,12,,,
f50696dc-c2ef-476f-8d96-5c9b40b57e33,biasing.us,premium,,,56,72,7,,,
cc5de26a-fe94-40db-82ee-607ab8a9c449,wedges.us,premium,,,,28,6,,,
5abe902d-9589-4521-b1b9-05e9806c4e82,therapies.us,resell,,,,32,9,RegistryGate GmbH,27/02/2024 00:00,27/02/2026 00:00
bbf4af49-e3fb-4c9d-b9b8-591ad00cbaaf,heartlands.us,resell,,,38,32,10,Sav.com LLC,20/08/2024 08:32,20/08/2025 08:32
28fb6ceb-4899-4aaa-bdaa-9e985fcfdc3f,natively.us,premium,,,,80,8,,,
0736ed28-7223-47a7-9f3c-d025bc384430,actable.us,premium,,,50,3,7,,,
38be8e38-bd6c-4ba8-9c86-cd1fcc561620,negociate.us,premium,,,54,72,9,,,
0f6ac0f2-0294-47cc-83c9-59e795ed959a,auditoriums.us,premium,,,44,12,11,,,
d87cde50-5f3b-4e75-b56f-850cb724a3b4,Javacat.us,premium,,,60,76,8,,,
d1dabaa3-459e-472e-8edc-1c77d96a704c,bodytobodymassage.us,premium,,,60,72,20,,,
a4efe4a4-cef5-4366-8a5f-9a9bfda859c3,moghul.us,premium,,,78,76,6,,,
b7f6e6ea-c9b5-461a-a122-35a56b1edc31,foodcrop.us,premium,,,62,72,9,,,
f5f76060-65eb-4f1d-bc3c-73cb734e46f4,blesssomeonewith.us,premium,,,72,72,18,,,
5fefb555-437a-4984-bef5-e1b55adc699b,puffiness.us,premium,,,52,76,9,,,
28e5d694-f54f-4d8c-b21d-bf14f41f5e96,congratulate.us,premium,,,72,72,12,,,
ed2d4b64-8a1b-49c6-8d2c-6fc097f5ffa1,possesses.us,premium,,,,1,9,,,
f5a5c748-6834-42c7-bc93-9b0325101516,presenttense.us,premium,,,62,80,13,,,
8813afe7-456a-4cae-9c1d-0f18cac49191,winey.us,premium,,,62,72,5,,,
4defb1b7-3a54-407d-bdce-1a9695f55751,Japaneseleaf.us,premium,,,34,72,13,,,
5ca327e0-559d-4128-a52e-e305444ad7ee,hookahdivepump.us,premium,,,36,4,16,,,
06a2a921-2d4b-4d88-a7cb-36e940f80aeb,entitles.us,premium,,,44,12,8,,,
370b9d02-92a2-4154-8f63-dd350d18d90b,earnest.us,resell,,,66,76,7,"GoDaddy.com, LLC",30/06/2017 22:16,29/06/2026 23:59
aa05fa00-3935-401c-b25a-986b92f0e069,noless.us,premium,,,,4,7,,,
b35511c5-a0fb-4bee-b865-5b46155759bd,madecassicacid.us,premium,,,48,72,15,,,
52b961e5-e05e-43fa-99cf-b69cdc2bc46a,estateinland.us,premium,,,64,1,14,,,
b74247a2-8416-4a66-8a08-7720c99500a7,bushrum.us,premium,,,52,8,8,,,
ef25eb7e-04cc-4862-b3e6-7865f6f17058,hitat.us,premium,,,46,72,6,,,
e3c05d46-0e7e-4ec4-ab16-41b8fdde961e,standover.us,premium,,,,72,10,,,
41873ea0-9511-46a6-8a2e-f1a3385aca36,patterned.us,premium,,,54,80,9,,,
b2bf7e17-bd95-4dd0-9536-93b1de062120,skiblade.us,premium,,,,8,9,,,
f1aa47c0-ce37-4d0e-927c-9115bc99d143,salesassociate.us,premium,,,60,80,15,,,
c9323cd7-b21f-4296-8157-7824497dfc77,burred.us,premium,,,46,1,6,,,
9fc8f395-1779-48d8-8143-7d24f9e2313a,retainability.us,premium,,,,8,13,,,
90472123-7a8d-468f-ad16-3475c3a44c76,fruitage.us,premium,,,60,76,8,,,
42943f77-e1ea-4585-92b6-92763bd75673,factorization.us,premium,,,52,76,13,,,
f4552833-dd9d-424b-a173-6f4387369b57,whipper.us,premium,,,58,72,7,,,
8ccf64d8-549f-4eea-961c-cc6a443572e6,enlarged.us,premium,,,66,2,8,,,
775ec03c-5d2c-4c39-8a01-faeb946bf8ce,essayquestion.us,premium,,,68,0,14,,,
3790474f-790d-4692-ad27-f2e5cc94f1da,steamships.us,premium,,,,12,11,,,
49691180-07cb-4eeb-8fd2-2595cb9fa8c5,lollyice.us,premium,,,54,72,9,,,
ae34e739-7d29-4e6d-8036-d5e159fab8f4,interplanetaryplane.us,premium,,,52,4,20,,,
6dfa6b61-6174-426a-98df-1acad1b07454,GermanSpitzMittel.us,premium,,,66,72,19,,,
125e9adf-e483-48fa-8876-c932ef300925,atfault.us,premium,,,36,1,8,,,
24d22688-1c4c-4699-919d-60513387d39e,cypher.us,resell,,,58,28,6,Dynadot Inc,09/07/2007 18:15,08/07/2026 23:59
86805a6e-938c-432f-8d68-b71aa75e0f00,sidedish.us,resell,,,58,76,9,Dominet (HK) Limited,10/02/2025 15:22,10/02/2026 15:22
ca01045e-911f-4bdf-8f26-f887dde15554,occur.us,resell,,,70,8,5,Dynadot Inc,17/12/2024 00:00,17/12/2026 00:00
584e3971-044d-48ab-ae3c-8d47edc05891,cleanuphitter.us,premium,,,56,72,14,,,
bb31eb11-3a09-4837-94ab-217478939037,houselamb.us,premium,,,58,72,10,,,
25cabad5-459e-48a0-8424-423dc3c4212d,magnetschool.us,premium,,,60,72,13,,,
cd0cfde8-6c96-4f48-814f-11b1f8a354c5,grandfatherinlaw.us,premium,,,80,5,18,,,
34601de3-34e4-4745-b989-233a11133c52,captopril.us,premium,,,58,72,9,,,
199c441d-3e8b-49d8-9d38-8fec2e7d5a3f,swallow.us,resell,,,66,13,7,Dynadot Inc,05/04/2018 00:04,05/04/2028 00:04
295af454-cfe9-441c-a157-46f1055778b1,HolyMother.us,premium,,,80,76,11,,,
5de1899d-c89e-4315-b4a8-a0735ccba047,subreddit.us,premium,,,66,76,9,,,
f49b870b-d373-4a06-98a2-f8f626f34d4e,pressuregroup.us,premium,,,54,72,14,,,
0c7ba8ec-12dd-4194-83f6-ad733202ab38,upperbody.us,premium,,,,72,10,,,
704a2c2a-9ed1-4de9-9d20-ba21216b6429,yourn.us,premium,,,,72,5,,,
b02d6f8e-99a3-44b7-a87d-3a7b42c56772,makeawaywith.us,premium,,,64,72,14,,,
dbca3969-80d1-412e-aca8-48e3a8bf09f3,packagedeal.us,premium,,,60,72,12,,,
a3b01b96-3406-49c9-84b3-4910e61e910a,anginous.us,premium,,,50,1,8,,,
f18ec3ab-4cb8-481e-b809-d39fe66eb91a,puckerup.us,premium,,,,20,9,,,
09f2b34f-786f-42f6-9c6e-e5232c33bdd8,firemarshal.us,premium,,,52,80,12,,,
360c256b-520a-4970-8bf7-d731ec69a772,highspeedsteel.us,premium,,,63,72,16,,,
cc48d5b9-b064-4015-93e6-dde79734910e,thewheelturns.us,premium,,,48,72,15,,,
2f9879c3-dad1-47bd-933a-a20137814e91,allfire.us,premium,,,60,72,8,,,
5b180d6a-e7d8-4ad2-a1cd-52c808d00145,cutsup.us,premium,,,40,8,7,,,
ff46c7eb-40ed-42c7-87c7-dc310e6648af,trilingual.us,premium,,,76,76,10,,,
e7f7bc57-7b71-4274-801d-79bca9c3b600,maleness.us,premium,,,62,72,8,,,
60e57031-807b-4fec-88c7-d00e93d78c86,assents.us,premium,,,50,4,7,,,
e79a8e07-a2f8-4d59-b359-796d73e384c4,rhizoid.us,premium,,,74,76,7,,,
dea33362-c7bd-4539-b78d-8b7709e5e4b9,sheekkebabs.us,premium,,,,4,12,,,
d4210e97-8bb8-4247-9833-157296a6cd5b,taxoffice.us,resell,,,58,76,10,"GoDaddy.com, LLC",24/04/2002 15:26,23/04/2027 23:59
803cfd44-2bb3-4591-94f4-e7053b8b345b,pedometre.us,premium,,,54,72,9,,,
2d04f6c7-a523-41cf-9dc6-dbf5e494826a,feminizer.us,premium,,,54,72,9,,,
440542af-ad63-477c-8be9-a1b01313b234,eightieth.us,premium,,,72,1,9,,,
673ca556-dda8-4e51-abb3-2af7a84d6fa9,haveitbothways.us,premium,,,64,72,17,,,
5af7875f-d165-436d-a899-4abffe55be4f,dummyrun.us,premium,,,58,72,9,,,
e55683ad-a580-4b7a-aa61-6aab519e2db7,ArborDay.us,premium,,,50,12,9,,,
1fb3583c-5604-4f4f-860f-e6829a92501a,internationalisation.us,premium,,,58,24,20,,,
daa90cbd-98ba-4752-9d17-01d2cbc25fda,JerseyCounty.us,premium,,,46,12,13,,,
e3c5624f-4dac-4a43-90c6-633c1d3592d6,laius.us,premium,,,48,76,5,,,
1098ade4-8cc9-45ed-8264-d978e4283770,unambiguously.us,premium,,,44,72,13,,,
e357ee06-8090-419e-b5c7-df8a1b800642,Blurayburner.us,premium,,,62,72,14,,,
ba289e33-7b7f-4ecf-b57b-86aa7080e8b8,trainup.us,resell,,,,7,8,"Spaceship, Inc.",01/04/2026 07:42,01/04/2027 07:42
f33fe0c8-f419-4044-9bfb-2d68d133e23b,worthiest.us,premium,,,,12,9,,,
710ede29-321c-4ff0-8309-7ccd7a2e1c38,minttea.us,premium,,,64,76,8,,,
13e38219-69c4-427f-914f-dd6208347bae,screenshots.us,resell,,,,9,11,"Spaceship, Inc.",01/04/2026 15:29,01/04/2027 15:29
46c7ee36-da69-489d-a5e6-8b68283e8c44,PueblaCity.us,premium,,,,8,11,,,
2fdcd745-c035-4d65-9799-b901834eb600,inimitable.us,resell,,,68,76,10,Dominet (HK) Limited,10/02/2025 15:08,10/02/2026 15:08
998fb456-a3aa-4d5f-b946-94ca770e6b79,Milesiantale.us,premium,,,56,72,13,,,
1adeed26-7fae-4a46-a462-5d7b516afa26,crackopen.us,premium,,,62,72,10,,,
ffb3ca51-7632-4207-80ec-696b3a41cee1,flatless.us,premium,,,36,72,8,,,
be828d5d-fadd-4e2d-8da1-c7e5d422ca6e,lettertotheeditor.us,premium,,,73,1,20,,,
9b24b602-c8f5-482d-9332-527424e3dcf0,nonbreaking.us,premium,,,,12,11,,,
18a02a02-1735-447a-8500-230404a88ba3,benzine.us,premium,,,62,76,7,,,
431b95cb-95e9-4b34-9826-c816b4e6847f,parchments.us,premium,,,,20,10,,,
fc554d13-58c9-4864-a9a6-96f86668312f,glassteat.us,premium,,,54,72,10,,,
1f893555-8579-413b-b189-e54dd9dcff2f,caroling.us,premium,,,66,72,8,,,
cbcea331-df14-461f-aee8-9e38960460d3,accroaching.us,premium,,,34,4,11,,,
047ed07d-6251-4b6e-99e6-1ad3895f471e,pullhitter.us,premium,,,56,72,11,,,
d74298c2-ecfb-4d9d-94c9-7deac36ef4e6,kingofsix.us,premium,,,54,72,11,,,
5f3ac449-b10d-4dca-bec6-a81ecf04c686,contouring.us,premium,,,54,12,10,,,
904d3c0c-8511-4a4c-8519-7c72ade8db6e,dryasabone.us,premium,,,50,72,13,,,
e976d402-5575-4a1e-a48d-efe1f6ca08ff,panoplied.us,premium,,,50,1,9,,,
9d98e595-d54b-47d8-afa6-775cc9c62b2e,JacobMarley.us,premium,,,58,80,12,,,
3320b67d-da51-4670-a7cb-73421b1f0ac9,longdrink.us,premium,,,58,72,10,,,
de13e012-3a29-4e13-9696-75d09b892d1c,touchoff.us,premium,,,,72,9,,,
0be88402-e319-41b8-aafd-0c963125c48a,backpack.us,resell,,,94,21,8,"GoDaddy.com, LLC",24/04/2002 14:25,23/04/2027 23:59
88a82628-d516-4bcf-9801-58163dcd3ab3,sabresaw.us,premium,,,58,76,9,,,
40a3382f-8bba-4ef7-a1b1-1272bbf0211e,blueriband.us,premium,,,56,72,11,,,
8ee642d5-51e9-4311-9aa7-2eb9d7c446da,greyback.us,premium,,,56,72,8,,,
862e0f33-7852-4a76-865e-ea2731ad9275,peanutbutters.us,premium,,,,8,14,,,
82092ac3-5e21-43af-a14e-a140749ff274,produces.us,premium,,,,5,8,,,
5b46c61d-d958-4513-82b5-b37046e68d7a,loudspeaker.us,premium,,,66,80,11,,,
2d5bc2c7-f693-4dfa-8837-c18af1186b58,endocrinesystem.us,premium,,,54,72,16,,,
a1acebbb-9d49-4a4a-9a61-8ae494393e28,milkteeth.us,premium,,,36,16,10,,,
99060a99-47a7-4cda-a5d4-b2f3ff18e8ee,cybertransport.us,premium,,,60,72,15,,,
723adeee-b435-4015-9ffb-56954da10815,devilledham.us,premium,,,64,72,12,,,
372829f9-e137-47b2-8f74-963b522c3af6,whitish.us,premium,,,56,72,7,,,
c704c9a0-21a4-4424-b822-b547398d143b,clearness.us,premium,,,66,80,9,,,
7a688b4f-61e1-403d-919a-799913972656,utilityprogramme.us,premium,,,56,72,17,,,
0967a2f4-dcb5-49a1-bcbc-3a9faa70a58b,uncapitalized.us,premium,,,48,72,13,,,
63c8d423-4f32-4648-af64-910e42d89b56,sunspot.us,resell,,,62,80,7,"GoDaddy.com, LLC",16/07/2019 00:01,16/07/2026 00:01
87fb541c-cc64-4b34-b660-6cb73e463809,bodycentered.us,premium,,,50,72,13,,,
60d0310e-05bf-452c-a294-851c130fe72b,bluevitriol.us,premium,,,56,72,12,,,
5784b39c-b437-43e2-b3a5-3a60d6911b48,GreaterCaucas.us,premium,,,52,72,16,,,
a15d0ef7-8d86-46b1-be67-41a1aee546e1,climb.us,resell,,,94,76,5,"GoDaddy.com, LLC",24/04/2002 14:54,23/04/2026 23:59
40094783-5628-424c-8b16-9211151dbeb8,graters.us,premium,,,,16,7,,,
9aa7bd0c-1371-4f85-9683-966da8c45e73,BritishbornChinese.us,premium,,,36,72,20,,,
d514c861-b16a-47c4-aa9a-d3609f0b90e3,Chinesechess.us,premium,,,62,72,13,,,
e2cf0889-6432-4793-898c-718e0c72570e,pristine.us,resell,,,71,18,8,Dynadot Inc,24/05/2022 00:00,24/05/2027 00:00
fb6dfa9a-8063-4858-997f-84aaf2950b3b,halfblood.us,premium,,,56,72,10,,,
50a97192-eaab-45e3-9843-c085697903ef,shootthebull.us,premium,,,,72,14,,,
a40717b1-b766-4675-b539-941427a141d1,yards.us,resell,,,72,9,5,"Wild West Domains, Inc.",30/06/2004 18:32,29/06/2026 23:59
89189931-85e4-4a47-8e06-38c7031ceca8,long.us,resell,,,70,28,4,GoDaddy Online Services Cayman Islands Ltd.,25/07/2007 18:05,24/07/2026 23:59
c6c10bca-215b-4d7d-9251-0bd7e6051979,teetotally.us,premium,,,50,72,10,,,
9a5c86fd-6fd4-420d-a649-fa65779950bf,unexpired.us,premium,,,52,72,9,,,
48bc2f68-e7a3-4f47-a7bd-fe90de20652f,broadmindedly.us,premium,,,54,72,14,,,
080252c3-46a3-4dc0-895f-43cca86bc849,consumerism.us,premium,,,56,24,11,,,
1be53167-6f59-451d-9db1-07999380e915,amazedly.us,premium,,,52,72,8,,,
2330ae93-dca4-47bd-bef8-1c7c66096f22,soared.us,premium,,,,24,6,,,
f95d1dfd-f5f5-47d2-a6ca-7bde6d2eb936,madebeaver.us,premium,,,42,72,11,,,
cb751596-e28e-4e43-abcb-fa12b2eff691,gardened.us,premium,,,62,76,8,,,
c7c672a2-4729-4bd7-bf0d-d0686e0a46a3,obliquehead.us,premium,,,,72,12,,,
b3395eb2-fb73-43eb-a275-9b5420ac9b72,newsfeature.us,premium,,,,1,12,,,
9bfcd126-d95c-49af-a027-e658fc4b3fd5,logbooks.us,premium,,,38,32,8,,,
92663d50-5151-4866-b5e8-a3377fec7923,settees.us,premium,,,,4,7,,,
e5e488e3-a5b3-4de5-bdec-c089ebe8fce5,inhindsight.us,premium,,,,20,12,,,
e941c474-e3fb-4a75-a752-90776a810ec5,vinaigrette.us,premium,,,,16,11,,,
893e146a-41b0-4708-9c2f-d3e32a86d610,stealthbomber.us,premium,,,68,72,14,,,
117d1aa8-365d-41a9-b79e-ed6153977350,lookunderrocks.us,premium,,,68,2,16,,,
55a6270f-5d54-4df6-b8cf-1d8ec2d2c370,twopartyism.us,premium,,,,72,12,,,
9cfa2a47-a264-4b91-a7fa-ef27edaf960b,easytarget.us,premium,,,60,72,11,,,
18d6da46-9252-45c6-bedd-777e69a700bd,cerebralhemisphere.us,premium,,,56,72,19,,,
1dc28090-ccdc-432d-83f8-526fe2562298,travellers.us,resell,,,,11,10,"GoDaddy.com, LLC",13/04/2018 00:03,13/04/2027 00:03
918dd1c6-2e08-4eca-839c-353c942e4abb,definite.us,resell,,,84,9,8,Dynadot Inc,29/09/2021 00:00,29/09/2026 00:00
120c35c7-485b-452b-82ac-e991c046fbe9,tendered.us,premium,,,,20,8,,,
0476b607-cef9-48c6-b184-abcaf69fcedf,gridplan.us,premium,,,52,72,9,,,
aa42392f-58f1-49cc-bd68-2f506e6f1586,crowningglory.us,premium,,,74,24,14,,,
13ac919f-1494-47a2-80c2-579c188e8130,Ionlyworkhere.us,premium,,,54,1,16,,,
e28e87ab-cd26-4b3b-8efe-a2909b05cc5a,fullthroatedly.us,premium,,,44,72,15,,,
7a664c89-7611-4d5f-ba42-fe2098e76355,goodspirits.us,resell,,,72,80,12,Dominet (HK) Limited,10/02/2025 21:13,10/02/2026 21:13
50a90792-638e-4198-a424-cd0b244dee24,guanine.us,premium,,,58,72,7,,,
734672ad-5d8a-4aed-a7b3-20838330ce04,busrapidtransit.us,resell,,,60,72,17,"GoDaddy.com, LLC",24/04/2002 20:06,23/04/2026 23:59
06dbdc65-45a7-4840-ba39-8c6fc910b85a,planetaryring.us,premium,,,66,72,14,,,
3b6b3826-a632-4774-9b80-3c1f2a55b27b,speakingvoice.us,premium,,,62,72,14,,,
2b43c00f-bb82-4dec-bcf9-d4ecda0545c9,drylands.us,premium,,,36,24,8,,,
3590dc9c-eb78-45a1-a0bf-29013e68bb1b,infieldhit.us,premium,,,66,72,11,,,
5aebcfc3-5a4a-4f12-8031-06fd144183c7,mongoose.us,resell,,,60,84,8,"GoDaddy.com, LLC",24/09/2017 15:45,23/09/2026 23:59
1659955f-5799-4491-95ec-40ed9300099f,shorttimer.us,premium,,,,76,11,,,
f1ee8e21-797f-45ac-b80f-7612a3e124e4,outpacing.us,premium,,,,4,9,,,
5a2ec913-db6e-4c3c-9414-bcd0ae700b1e,houseboy.us,premium,,,58,76,9,,,
55d6966e-8d31-487c-b831-8ac42daf557a,continuos.us,premium,,,36,12,9,,,
046c2afe-23f6-413e-bd4a-a8ef042d82c1,livebirth.us,premium,,,56,72,10,,,
2a58a084-3428-4f02-9750-348a939b3a16,bookprice.us,premium,,,60,72,10,,,
788830d0-e194-401d-8d25-7869fbe13b87,ethnically.us,premium,,,50,72,10,,,
e70be1f1-6013-4893-8de5-83f53f44b931,acidcore.us,premium,,,56,72,8,,,
30bfdd5f-511b-4d26-8a1e-6837b3322532,windowledge.us,premium,,,,72,12,,,
d814c2b9-1a9e-4b36-be4b-a1d8b1b03d2d,blackzone.us,resell,,,38,76,10,Dominet (HK) Limited,10/02/2025 15:58,10/02/2026 15:58
34220a38-d0ac-4747-b3ca-7f6f2124759f,powderedsugar.us,premium,,,,72,14,,,
68af6469-f986-4fe7-81c9-3ac5808f2eb8,flubber.us,resell,,,68,84,7,Dominet (HK) Limited,10/02/2025 17:55,10/02/2026 17:55
142a3030-1ddb-4364-887b-b9af8fed344f,orgiastic.us,premium,,,40,1,9,,,
2dcc63e9-beee-4d83-a844-cbfc5aac592f,boorish.us,premium,,,60,68,7,,,
b78def71-8c22-42cc-abc0-90dac81c2b0c,moreateleven.us,premium,,,,72,14,,,
589c6c66-aa87-429c-a82c-153ee978f891,Gradina.us,premium,,,48,72,7,,,
fdfee202-4335-4110-acf6-88b120eca526,buffetcar.us,premium,,,68,72,10,,,
4eeac40e-9274-456e-921e-60d622871c66,musicalgrammar.us,premium,,,50,4,15,,,
1b4d7cc5-72df-49bb-9317-a8d0f054efaa,chorusgirl.us,premium,,,56,72,11,,,
920261d1-c84d-46a7-9c5f-9343427cfc53,flightrecorder.us,premium,,,62,80,15,,,
08864de4-9831-4d01-be6c-b436063dd70c,fullbathroom.us,premium,,,56,72,13,,,
4a39a6ac-5dc6-4008-a71d-e5fd17f87295,Statesville.us,premium,,,48,72,11,,,
926f9b67-a5cf-4abf-9bfa-7553055558e8,goodoleboy.us,premium,,,58,76,12,,,
a40219a0-d8ab-40be-8a77-eb608307ef72,limelike.us,premium,,,56,72,8,,,
7f6c54f5-64ec-4942-91a6-4718e81fabdf,predicative.us,premium,,,70,72,11,,,
bad6b559-8610-48ad-8ed6-c3e316bdc171,bourgeoisie.us,premium,,,54,76,11,,,
2b4b3410-41e2-4cf6-92c5-9c106b7641f9,whitecup.us,premium,,,60,72,8,,,
9be672c9-3c70-47e0-b586-2ba7c6c32ff7,homeinsurance.us,resell,,,66,72,14,"GoDaddy.com, LLC",24/04/2002 14:03,23/04/2026 23:59
61772b20-7a07-4958-8719-566b43580c35,sandart.us,premium,,,,76,8,,,
97b215f8-3bc3-48b6-bd84-313074da1cfe,banoffee.us,premium,,,54,72,8,,,
56093f33-ea70-4145-817e-1262604e049a,clapboard.us,premium,,,72,72,9,,,
3a6b20ca-db2b-4317-9e54-851d7eb23c46,CoolBritannia.us,premium,,,58,20,14,,,
5f856973-c25b-4659-8a08-349be892fe09,concatenation.us,premium,,,58,72,13,,,
6be71fbc-e458-4013-9567-e453b564dd7c,assemblies.us,resell,,,46,20,10,"Wild West Domains, Inc.",25/04/2002 15:32,24/04/2026 23:59
2986c9cd-d19e-4bf8-bee3-3b8fc0face6a,outofdrawing.us,premium,,,,72,14,,,
cd130e53-7ad2-404e-ba26-b3a4475004e2,apogamo.us,premium,,,41,1,9,,,
7ba5f12d-697c-4096-8e97-f2330ab759b4,pretty.us,resell,,,80,25,6,"GoDaddy.com, LLC",11/07/2013 18:05,10/07/2026 23:59
02d3fd09-1fec-473b-92de-fc75ccfe2f61,middleend.us,premium,,,48,72,10,,,
665f5ab4-46e5-49e0-89c1-f1dfa894b66d,crocodiletear.us,premium,,,54,72,14,,,
8bad3f22-6c42-4f8c-9d51-912c5c83725e,modernsynthesis.us,premium,,,64,72,16,,,
7356cf94-02e4-436f-977d-1ccf6df4ff49,dothehonour.us,premium,,,70,4,13,,,
baf6fc3c-07ca-4a57-9f43-8e39de902e7f,blending.us,resell,,,58,72,8,"GoDaddy.com, LLC",05/11/2011 18:03,04/11/2025 23:59
517f3576-4e4d-444c-8c73-ae6ef99cfb57,ostensibly.us,premium,,,44,72,10,,,
c6cfb06a-7406-46bd-be2e-eb945b52b5ab,spottrade.us,premium,,,,72,10,,,
0d266193-0a0d-4dd0-9702-34c1f61e090e,boxdrain.us,premium,,,38,72,9,,,
16d96008-2518-4316-984f-996a71254462,complacently.us,premium,,,50,1,12,,,
ccb57e43-552d-4d32-924d-bcee30c20065,greencopperas.us,premium,,,38,72,14,,,
b5948bca-2e54-4b9b-9dc7-e95da462b4bc,kinked.us,premium,,,56,40,6,,,
cee9f23a-d529-4f1e-8c2d-5ac3f26907ba,bauxitic.us,premium,,,42,1,8,,,
7377450b-a7e6-48f0-814e-546a8174d1b0,Stansstad.us,premium,,,48,72,9,,,
cce0e65f-493c-4e36-8428-acc40fd3c559,bridleless.us,premium,,,50,8,10,,,
78c7cd8e-7d43-45b9-90a4-47751cc376af,undercard.us,premium,,,56,76,9,,,
32fd87ff-d05a-42ce-8ed8-5b5f4dd0c67a,emailreader.us,premium,,,62,72,12,,,
4de59086-a406-4f06-96b5-dbcdd59988c8,echoboomer.us,premium,,,58,72,11,,,
5cad8880-8b91-4ece-96cc-6a5ed5251385,continuations.us,premium,,,40,20,13,,,
9dab283e-ff4a-4ad1-98a8-3b95c0841c6c,dragomen.us,premium,,,34,8,8,,,
31c0f750-3189-4498-8a80-c014cd21aca8,desalination.us,available,6.99,18.99,56,20,12,name.com,,
3d35260a-5fed-4774-b4bb-6f85a8b2505f,haggis.us,premium,,,65,84,6,,,
fa47e312-f70e-4c3a-bab6-5994a72695cd,dogcrab.us,premium,,,36,8,8,,,
286d7b98-f64b-43e6-9cab-db7fb8716b1c,lymphvessel.us,premium,,,58,72,12,,,
bc35f7f9-1187-4beb-82e4-1f32cd18313d,executrices.us,premium,,,34,8,11,,,
297d14b2-c4a4-4d53-8b62-ca5fd7b7bb70,wellpleased.us,premium,,,,72,12,,,
b598e71e-554b-482d-aeab-b8fdc4cb60bc,brahms.us,resell,,,58,88,6,Dominet (HK) Limited,10/02/2025 13:25,10/02/2026 13:25
0adbdd47-f8f9-493c-aaa6-d72995ff7271,specked.us,premium,,,56,72,7,,,
4a119f2e-5788-4bc1-9f77-8798f3a55ff2,platter.us,resell,,,68,7,7,Dynadot Inc,17/10/2024 06:28,17/10/2027 06:28
d390e7c6-beeb-4656-bb36-b126133577a1,Launceston.us,premium,,,50,72,10,,,
3be8f948-c307-43a4-9f19-e90f68ff7ede,exclusiveness.us,premium,,,58,12,13,,,
07ddd9b6-df95-476a-8e6d-6fb1ce348183,baritoneclef.us,premium,,,58,72,13,,,
b04e522c-6047-4573-9638-20498afd9458,blackabalone.us,premium,,,54,72,13,,,
f87f433c-1928-45b1-a6db-a3a868d0a282,gowiththeturf.us,premium,,,70,0,16,,,
f131ca85-8160-42e0-9308-36b5088c80e9,artemis.us,resell,,,60,80,7,"GoDaddy.com, LLC",11/11/2015 18:04,10/11/2026 23:59
773083a5-a1fa-4710-809d-cc0e7620a532,meteorshower.us,premium,,,66,72,13,,,
415f639d-546a-449d-bda6-2561eb8b17b9,neckdeep.us,premium,,,,2,9,,,
4b464e53-371e-49b8-9fd9-2f31794ab6ff,complexline.us,premium,,,56,72,12,,,
a59a6e2a-d0ab-4561-bd3b-b73138eae7a8,scoopin.us,premium,,,,1,8,,,
750629f7-473c-4174-a2e6-74406c856fd8,norris.us,resell,,,54,84,6,"GoDaddy.com, LLC",09/07/2010 18:06,08/07/2026 23:59
754a9ee1-4ce1-4c43-85d9-b40cdd49884b,latemodel.us,premium,,,36,12,10,,,
526089ee-68c3-4758-ab9b-4fe137861958,traintime.us,premium,,,62,72,10,,,
09d8015a-ea9c-4058-a636-8e9cb384e41d,netsales.us,resell,,,,68,9,"GoDaddy.com, LLC",24/04/2002 16:15,23/04/2027 23:59
7b67b11a-2ddd-4f55-84b2-dcb209e86534,wintermoon.us,premium,,,58,76,11,,,
10391ee5-1b73-4d3d-9d11-c5b6e01c06e8,inquestion.us,premium,,,66,1,11,,,
ad8e4bda-fdcb-4ca7-af0b-47e282851948,greentogreen.us,premium,,,52,72,14,,,
023004f4-56b3-485a-b520-a3e9e6e047e7,err.us,resell,,,88,11,3,TLD Registrar Solutions Ltd.,09/07/2007 18:20,08/07/2026 23:59
290fc35c-2a1f-4ea7-8a0e-c329883e8e90,hollering.us,premium,,,58,72,9,,,
db275513-3cc1-4c14-8efd-cd74fc326e8c,mailart.us,premium,,,56,68,8,,,
4e76b9c1-08ca-4abb-ad10-0a10f7b160ab,stepfamilies.us,premium,,,,8,12,,,
ff45a47c-8b21-4ea7-be0a-1462d97029e4,prison.us,resell,,,86,15,6,"Spaceship, Inc.",29/04/2025 00:00,29/04/2027 00:00
f48d3278-23db-49b6-b7cf-cb2dfb21ecf6,smokingjacket.us,premium,,,58,72,14,,,
3d482e9f-c49d-462c-b7ad-853495173e02,tribeswoman.us,premium,,,,8,11,,,
f9c3514f-03ee-483e-810a-e8009e98cc82,bottomhand.us,premium,,,58,72,11,,,
6147c69e-2c33-4766-939e-8c49d1c3a9d3,hallmate.us,premium,,,56,72,8,,,
f61ee12a-d7ed-4b72-a0bd-59aec116b429,Burgundian.us,premium,,,78,72,10,,,
3a6557e1-a10d-4ae5-b5e9-eba1677e2633,inspiteof.us,premium,,,48,2,11,,,
9f5f9cde-ac43-4b4b-a87e-dacc89b6b005,unprejudiced.us,premium,,,56,72,12,,,
524142e9-4cc5-4fe6-a684-915c09a3402c,partaking.us,premium,,,62,72,9,,,
26fb7922-8a9c-4962-a25f-803723e95a66,amphoric.us,premium,,,46,2,8,,,
ae071d21-25f3-4ca8-a561-e4c1bf605fa7,convincingly.us,premium,,,52,72,12,,,
cb7e8b95-0983-4df7-9f06-b7719614c7c2,riveravon.us,premium,,,70,1,10,,,
4b72b48d-f1a7-459b-a16f-23d883e2da5b,bigheartedly.us,premium,,,56,72,12,,,
8c59ba8e-a98b-4055-87cf-b4624d7dee96,redoubled.us,premium,,,54,72,9,,,
98d4d351-4a0c-4a7e-b821-985c245e5cc7,organization.us,resell,,,,16,12,"Global Domains International, Inc. DBA DomainCostClub.com",24/04/2002 14:10,23/04/2027 23:59
0b4de29e-dcdc-4e51-af2d-29b5e499c3e0,starchlike.us,premium,,,46,1,10,,,
0d829f82-8d34-48bb-a171-ea72cb0d97b6,lifemember.us,premium,,,62,72,11,,,
426d54d6-43e3-4150-a04e-8c60518eed88,seedpod.us,premium,,,60,76,7,,,
794561d9-b026-4086-abbb-0e5f00d4aafc,womban.us,premium,,,,72,6,,,
29041020-70cb-4cad-98c7-bfef6fab1658,jactitate.us,premium,,,58,72,9,,,
51ebf535-5885-4787-a048-3db35016e9fb,comprised.us,premium,,,36,8,9,,,
25296dff-3609-4007-94b2-1dbb5f08179a,tradinghours.us,premium,,,,24,13,,,
b869fd64-679a-437c-b183-1643e3d31e57,DutchMills.us,premium,,,36,72,11,,,
03f7efbd-6c2c-4bc1-8777-dac7fb95b760,supping.us,premium,,,62,72,7,,,
0a9b1221-d4df-4c1d-b86d-d167cc06ed31,retractile.us,premium,,,53,72,10,,,
d4ab3ff6-43ff-47fb-9978-7feba6ce5bb7,birthdates.us,premium,,,36,16,10,,,
2ba5b4d6-c1ba-4b97-bfd8-11f362bfa264,digitV.us,premium,,,38,76,7,,,
df100229-6a17-4433-8df9-e488f852b78a,havesex.us,premium,,,70,4,8,,,
70eff61d-1ada-48f9-8fde-515695425c1a,harmoniously.us,premium,,,56,72,12,,,
7575541f-c860-41f2-b79c-2121de04f9e2,basilican.us,premium,,,42,1,9,,,
c3a1608c-fc00-419e-b959-abd3d277859e,resultant.us,resell,,,76,3,9,Sav.com LLC,12/12/2024 06:09,12/12/2025 06:09
d665d16e-b87d-4cb7-82a7-0e6162dd55c7,eaccount.us,resell,,,64,80,9,Dominet (HK) Limited,10/02/2025 21:05,10/02/2026 21:05
944a42e6-2df9-42db-9a86-a64bc47c0745,factorofsafety.us,premium,,,37,4,16,,,
b573dfde-c679-4adb-b6b4-78569247e519,pyjama.us,resell,,,73,68,6,Dominet (HK) Limited,10/02/2025 07:44,10/02/2026 07:44
0aa2e965-dbe2-499a-8019-6b88dc8df935,mooncarrot.us,premium,,,54,72,11,,,
15fbd7e0-e4ec-455f-9aff-91a8c8b7ca75,whiteknuckle.us,premium,,,70,72,13,,,
217dbf3c-d0b1-477f-b7fa-b8457da5cd89,dryingout.us,premium,,,38,8,10,,,
63645402-480f-470c-932b-c4afc3647756,condylobasal.us,premium,,,48,4,12,,,
9a46dd1d-3746-4fc6-b8ed-ea2ce0fd46f0,aluminize.us,premium,,,54,72,9,,,
dac98f53-5092-4511-800c-507f95ceb141,quickfreeze.us,premium,,,76,72,12,,,
8045d51d-90c9-4f96-bd34-2f75ac2e8a7e,Swedishmodel.us,premium,,,,4,13,,,
04d1ab3a-72f7-483b-aad2-bbf1887e1d74,twohandedly.us,premium,,,,72,12,,,
e129c0a2-00cc-46f0-9879-147ad9b966be,spendapenny.us,premium,,,,76,13,,,
b3736095-ca9d-4df7-9299-ae2d2c56b26f,FreeSoviets.us,premium,,,48,72,12,,,
01514d80-2c55-4b51-8800-4496a83cb297,compliant.us,resell,,,69,13,9,"GoDaddy.com, LLC",26/06/2014 08:15,25/06/2027 23:59
8cecade1-6b07-4e2f-9007-197b0b233a56,breakfasts.us,premium,,,56,16,10,,,
37025b4d-be99-4904-bbdd-53765205ccb7,esafety.us,resell,,,68,80,8,Dominet (HK) Limited,10/02/2025 06:38,10/02/2026 06:38
336b28ce-7749-4c6a-ae10-1e568291d161,moneylove.us,resell,,,64,76,10,Dominet (HK) Limited,10/02/2025 14:11,10/02/2026 14:11
9ac37990-b731-4a0d-9a6c-734005f92510,uptheriver.us,premium,,,50,72,12,,,
56ecc724-544f-4342-9ef8-acf7b83babed,arteriolopathy.us,premium,,,50,4,14,,,
0af3e61b-3102-450d-871f-bd4798aaf95e,chestnut.us,resell,,,60,13,8,"GoDaddy.com, LLC",01/07/2005 17:06,30/06/2026 23:59
17348418-1a97-4ee3-a23c-d20258ef123c,readableness.us,premium,,,,4,12,,,
2e206640-2059-4e05-9cb8-966871a57d2c,epiphany.us,resell,,,66,84,8,"GoDaddy.com, LLC",24/04/2002 14:18,23/04/2026 23:59
24cc219a-33d1-4289-b0e9-0d4b44021911,liven.us,resell,,,68,80,5,"GoDaddy.com, LLC",25/06/2003 23:51,24/06/2026 23:59
b2f50df5-1834-4ed6-b438-164da181c049,overworld.us,premium,,,54,84,9,,,
7c4fd072-6625-4c9e-a32c-c99f49187141,holidaypay.us,premium,,,64,76,11,,,
47b29e27-66cd-4afe-bd8b-fc5685d407fb,unhooking.us,premium,,,52,72,9,,,
cdd9dcfc-9d6c-442a-b841-ddb437bf6fc3,threepenny.us,premium,,,72,72,10,,,
a240ebf9-e94d-4ef2-a2d0-ae8998719af9,longago.us,premium,,,50,3,8,,,
301a47b8-0b34-479e-939e-98972c930bef,lopsided.us,premium,,,44,2,8,,,
e281a1f7-1b92-4c94-a52d-801f5edb6ff5,cynthia.us,resell,,,56,80,7,PDR Ltd. d/b/a PublicDomainRegistry.com,24/04/2002 14:24,23/04/2026 23:59
50dabc3b-10cb-41ec-9df8-9aa7b817bece,vaporisation.us,premium,,,,8,12,,,
b02fa11c-ecd2-4d41-bfa9-ba5657caf669,parishes.us,premium,,,,3,8,,,
00bfdfc7-fe96-42c6-8d1b-b42787419382,Californiaroll.us,premium,,,66,72,15,,,
1169689a-0622-4f4a-804a-740b27c47ad1,putapinin.us,premium,,,,68,12,,,
ded4f38c-7617-4498-80e6-4d3d56b5cffd,LiberalNational.us,premium,,,54,72,16,,,
8391c40b-f62c-4c90-9798-48abea8f1cf1,drymeasure.us,premium,,,52,72,11,,,
49696676-bee0-4686-860b-ba15ac431dd2,dailydisposable.us,premium,,,58,72,16,,,
fce5261b-dc60-4c9b-af7d-9d7184b6546f,Gravesend.us,premium,,,44,72,9,,,
35ae9e4f-48c2-49cb-ab3f-79221c652b7f,banquette.us,premium,,,56,80,9,,,
e6e77bad-7472-42bb-a977-901d6f3ebd15,yellowflax.us,premium,,,,72,11,,,
15ebc722-345b-4cdf-b4df-1529776ce1a8,marked.us,resell,,,70,14,6,"Spaceship, Inc.",10/09/2023 00:00,10/09/2026 00:00
651777be-e4ee-4e53-a4e2-a5f220a0eec9,babyboom.us,premium,,,72,76,9,,,
297fc6eb-7a1c-4848-91b9-5491a4f925c5,freighthopping.us,premium,,,56,72,15,,,
6e8b10f7-dd29-4493-bb9e-a2dc14c9c7ae,smartmob.us,premium,,,54,76,9,,,
226254d9-9c79-4480-a84c-db186e7fd50d,lordover.us,premium,,,68,1,9,,,
18604c23-d50c-4211-b3f6-eae9fde7d6ae,misremember.us,premium,,,56,72,11,,,
266ffc45-4cc3-40d9-bed6-e3bc7c823768,unrivalled.us,resell,,,68,80,10,Dominet (HK) Limited,10/02/2025 22:10,10/02/2026 22:10
239a7076-5b5b-427f-b371-3dce1f50648b,liable.us,resell,,,70,5,6,"NameCheap, Inc.",13/01/2017 18:43,12/01/2027 23:59
193293fc-5243-48e1-9eee-c92ac27aa18c,timestocome.us,premium,,,,72,13,,,
f6b003e9-6220-4b23-b793-789fe958b7ef,paradoxically.us,premium,,,46,72,13,,,
01079f4b-a340-42dd-b36b-dd7c0b29ad71,boxlevel.us,premium,,,38,72,9,,,
afd85d24-6ee0-403f-b9f5-4ac5ea58d596,moneyillusion.us,premium,,,60,72,14,,,
0f9b4456-31cb-43ba-9c1c-f9a2dbf34a9a,Australianrules.us,premium,,,62,76,16,,,
952ccfd8-f8b3-45ad-8d58-05de7eab2f2b,buttonlike.us,premium,,,44,1,10,,,
f9b34648-fb3a-4e90-b1ad-10e2011d9f66,greatfrigate.us,premium,,,34,4,13,,,
9773b7a9-bf52-45da-a912-541ebfebd9e4,intakesilencer.us,premium,,,60,72,15,,,
fc8501f4-b0b0-4e2d-809f-1e656fa950fb,hipstery.us,premium,,,52,72,8,,,
1d59cb78-df86-4fc1-a622-bdf232aa39d3,bridgedt.us,premium,,,52,72,9,,,
b0fd46b8-a62f-4550-afc8-3356f7a70662,vibrator.us,resell,,,60,76,8,Go China Domains Inc,09/07/2009 18:34,08/07/2026 23:59
7ff15735-62ad-490f-b343-8956a5c17728,offtrade.us,premium,,,,68,9,,,
41e62202-7db3-4e82-9bdd-b2b2bca55490,inlandrevenue.us,premium,,,48,76,14,,,
bece52f2-b38c-4022-b6a2-a51e0528f7b9,forego.us,premium,,,64,68,6,,,
3100eb9c-85e8-4901-ab5d-0d6dafd4d381,waterdown.us,premium,,,60,76,10,,,
21994b35-de2d-4d70-bdab-a9ddd50dfe3e,takingroot.us,premium,,,,24,11,,,
9e685509-e599-42dc-8769-8e9915c11309,calendarmethod.us,premium,,,52,72,15,,,
51ae06d2-1873-4db3-823b-a737b664004f,bathhouses.us,premium,,,34,16,10,,,
c1743e80-b182-4074-b0c3-0b2530245b7c,gagreflex.us,premium,,,56,76,10,,,
7a1b4262-bbb4-46ee-bcf9-cf1e60e313dd,haveinmind.us,premium,,,64,72,12,,,
723f5016-89e2-4d41-a46d-38686908cba6,highlightings.us,premium,,,34,12,13,,,
5f2dee52-59da-4585-babd-56c83e4ed5aa,Johnathan.us,resell,,,50,80,9,Dynadot Inc,19/01/2024 04:37,19/01/2026 04:37
613f6393-f86c-4d8b-8ef3-9938af5305ae,stray.us,resell,,,102,19,5,"Name.com, Inc.",10/10/2016 18:27,09/10/2026 23:59
976afdcd-e318-4a03-8289-89598c639a72,weighting.us,premium,,,54,72,9,,,
982149d5-24e9-4f49-bdf8-fd82843e0a78,baronial.us,premium,,,42,2,8,,,
7ddf5769-7509-4fa9-b3f5-c4cd3323e148,Styles.us,resell,,,64,84,6,"Name.com, Inc.",24/04/2002 14:04,23/04/2026 23:59
52d56225-dc99-4b3d-8711-bc6b509dad85,finelooking.us,premium,,,56,12,12,,,
c5723856-1eef-4792-92f5-bc39a7609fe7,screens.us,resell,,,54,13,7,Porkbun,24/04/2002 14:29,23/04/2027 23:59
db03c157-fc0b-463a-8f7a-80b0ba7e2d67,oscilloscopes.us,premium,,,,24,13,,,
52258213-ec53-4d8a-b34b-04156e05af7d,inplace.us,resell,,,56,8,8,"Network Solutions, LLC",15/06/2022 00:00,15/06/2026 00:00
7cbcd3e2-03e8-4a28-9415-364595b573ee,cybercommunication.us,premium,,,64,24,18,,,
ad8367e8-d796-49ae-87bf-0f794068a7aa,arithmeticfunction.us,premium,,,54,72,19,,,
823ea89a-1550-4158-937f-7600366ce98e,accrementition.us,premium,,,52,72,14,,,